id,title,companyName,location,salary,summary
https://kr.indeed.com/viewjob?jk=919f3e5da2efbc55,머신러닝/딥러닝 모델 기반 음성인식 서비스 백엔드 개발자,프렌즈몬,서울 구로구,,"통신·모바일·게임>웹프로그래머>
Python|인터넷·IT·통신·모바일·게임... 공지능)>
Python|인터넷·IT·통신·모바일·게임>빅데이터·AI(인공지능)>인공지능(AI)|인터넷·IT·통신·모바일·게임>응용프로그래머>
Python"
https://kr.indeed.com/viewjob?jk=752a4b5d63eac97c,Sr. Back-end Engineer (Python),Soomgo,서울 강남구,,"관리합니다. 개발 언어 : 
Python 개발 환경 및 도구 : Django... 이상의 백엔드 개발 경험, 또는 이에 준하는 역량을 가지신 분 
Python 및 
Python web framework를 활용한 백엔드 개발에 거부감이..."
https://kr.indeed.com/viewjob?jk=0064deb5fa9cbce0,데이터 사이언티스트 모집,카카오,성남 판교역,,"양한 실험을 통해 알고리즘을 개선합니다. 지원자격 지원자격 하나 이상의 프로그래밍 언어에 익숙한 분(
Python, Java, C/C++, Scala 등) 머신러닝/딥러닝 오픈소스를 이용하여 1년 이상 특정 서비스에 모델..."
https://kr.indeed.com/viewjob?jk=43165d6905d319a4,(주)엘솔루 서비스기획 관리자,㈜엘솔루,서울,,"통신·모바일·게임>웹프로그래머>HTML·DHTML·mHTML|인터넷·IT·통신·모바일·게임>웹프로그래머>
Python|재무·회계·경리>세무·회계>회계|재무·회계·경리>세무·회계>전산회계|재무·회계·경리>세무·회계>회계감사"
https://kr.indeed.com/viewjob?jk=4022f49bc50ef230,인프라보안 엔지니어,NHN,성남 판교역,,"보안 설계/적용/운영 경험 - 정보통신망법, 개인정보보호법, 전자금융감독규정 등 컴플라이언스의 이해 - 
Python, Script Language 활용 능력 공통지원자격 - 병역필 혹은 면제로 해외여행에 결격 사유가..."
https://kr.indeed.com/viewjob?jk=d91f63e0f29533f7,"주식운용,AI개발자 인턴 및 경력직(마감일~11.28)",씨앗자산운용,서울 신논현역,,"로그래밍 언어 및 도구를 다룰 수 있는 자 - DataBase기반의 BackTesting 경험 있는 자 - 
Python, SQL, JavaScript, AWS, Colab, Git, Notion 사용 가능자 우대 - 오픈소스..."
https://kr.indeed.com/viewjob?jk=1bec74fe497f5326,"프로그램개발자, 연구과제 외 기술영업 신입/경력 정규직",코이노,서울 강서구,"연봉 25,000,000원 - 30,000,000원","PHP |인터넷·IT·통신·모바일·게임>웹프로그래머>JAVA|인터넷·IT·통신·모바일·게임>웹프로그래머>
Python|인터넷·IT·통신·모바일·게임>응용프로그래머>Visual C++(MFC·ATL)|인터넷·IT·통신·모바일..."
https://kr.indeed.com/viewjob?jk=2165954253e0cd92,채용전제형 인턴십 모집,이베스트투자증권,서울 여의도역,,"금융투자분석사, CFA Level 1 이상 등 관련 자격 보유자 • 엑셀 VBA 프로그래밍, SQL 
Python, R 등 활용가능자 • 통계학, 머신러닝, AI 관련 지식 보유자 리테일 영업지원 (기획, 지원..."
https://kr.indeed.com/viewjob?jk=1b3ad64e7a39c01a,IoT 기기 및 네트워크 취약점 점검 개발자,노르마,서울 성동구,,"우대사항 ㆍ제로데이 및 CVE등 취약점 분석 경험자 우대 ㆍ언어(C, 
Python등)에 대한 이해 및 활용 능력 ㆍ리버스엔지니어링(arm/mips... 분석 경험자 우대 ㆍ언어(C, 
Python등)에 대한 이해 및 활용 능력..."
https://kr.indeed.com/viewjob?jk=2e34b878b20ceb26,[인공지능기업] 풀스택 개발자 (경력),머니브레인,서울,,"Node.js / Java / 
Python)- 웹/모바일 어플리케이션 개발... 게임>웹프로그래머>JAVA|인터넷·IT·통신·모바일·게임>웹프로그래머>
Python|인터넷·IT·통신·모바일·게임>웹프로그래머>JSP|인터넷·IT·통신..."
https://kr.indeed.com/viewjob?jk=894d093b2c1aa53c,빅데이터 시스템 담당자 채용,케이뱅크은행,서울 중학동,,"운영(MLOps) 등 SW 개발 및 데이터 처리 업무 경험 2년 이상 - SW 개발 능력을 보유하신 분 (
Python/Java 등, SQL) - Linux 계열 시스템 운영에 대한 이해도가 있으신 분 우대사항 - 금융..."
https://kr.indeed.com/viewjob?jk=a692f83229bd339f,Datacenter Engineer,Oracle,서울,,"Base Operating System Install • Some experience with Perl, 
Python, Bash or Java • Core OS Services: ssh, telnet, ftp, nfs..."
https://kr.indeed.com/viewjob?jk=491825f5ab472f79,Vocational Training Program Intern (Developer/Researcher Rol...,SAP,서울,,"one or more programming languages (e.g. C, C++, 
Python, JavaScript, Typescript, etc.) Intermediate communication skills..."
https://kr.indeed.com/viewjob?jk=e291d942ce16d340,[대형보험사] 클라우드 솔루션스 아키텍트(SA),커리어라임즈,서울,,"등의 전문지식 - Shell, 
Python, Java 등의 전문지식 커리어... 응용프로그래머>클라우드|인터넷·IT·통신·모바일·게임>응용프로그래머>
Python|인터넷·IT·통신·모바일·게임>ERP·시스템분석·설계>AWS|인터넷..."
https://kr.indeed.com/viewjob?jk=bfe0f5ac4f32ec89,추천 통계분석/데이터사이언티스트,카카오,성남 판교역,,"통계, 수학 관련 분야의 석사 또는 박사 학위 소지자 숙련된 데이터분석 능력 데이터 사이언스를 위한 언어(
Python/R) 를 하나 이상 능숙하게 다룰 수 있으신 분 분석 결과를 설득력있게 전달할 수 있는 분 우대사항..."
https://kr.indeed.com/viewjob?jk=bc5131eb1f2981cb,이공지능(AI) / 딥러닝 / Computer Vision 경력자 정규직,더블미코리아,서울 서초구,,"관련분야 석사 학위 이상 또는 개발 경험 2년 이상 • C++ / 
Python / OpenCV 개발 경험 [우대사항] • 딥러닝/컴퓨터버젼 관련... 통신·모바일·게임>응용프로그래머>
Python|인터넷·IT·통신·모바일·게임..."
https://kr.indeed.com/viewjob?jk=56add096e14a7879,AI 연구 및 개발 직군 모집,넷마블,서울 구로구,,"위한 엔지니어링 - 서비스 개발을 위한 클라우드/ Rest-API / 웹서비스 구축 등 자격요건 - 
Python에 능숙하고 C/C++ , C#등 언어에 대한 활용능력 - 딥러닝 프레임워크 사용 가능 (Pytorch 혹은..."
https://kr.indeed.com/viewjob?jk=1187cf1da9ef30a4,지식콘텐츠 전문기업 (매출 120억) 웹개발자,인파트너스,서울,"연봉 60,000,000원 - 70,000,000원","서버 환경 유경험자• PHP, 
Python 개발 경험[연봉]6,000~7... 대학교(4년)졸업 이상직무기술: RDBMS, jQuery, CSS, 
Python, 시스템운영(Was/Web), Kafka 1 명 근무조건 고용형태..."
https://kr.indeed.com/viewjob?jk=55dc8813cdc0ee34,Consultant_App Innovation,Microsoft,서울,,"PowerShell, 
Python or other scripting... languages (e.g., C#, JavaScript, PHP, 
Python) Application Lifecycle Management (e.g..."
https://kr.indeed.com/viewjob?jk=d69b5a1e60c65ce6,데이터 마케팅 경력사원,LG전자,서울 영등포구,,"능력 보유자 (SQL, R, 
Python, Scalar, Hadoop 등... 운영 경험자 - CRM 캠페인 기획/운영 경험자 - SQL, R, 
Python 등 통계 패키지 활용 자격증 보유자 모집기한: ~ 본 포지션 채용 시점..."
https://kr.indeed.com/viewjob?jk=30e17a7d8ce9d4d4,Software Engineer,UJET,서울,,"writing optimal code... least one stack (Java, Go, Ruby, 
Python) Ability to work collaboratively and cross-functionally..."
https://kr.indeed.com/viewjob?jk=ce7849f8b35e1c3e,Technical Enablement Manager,DataDog,서울,,"Kubernetes or Rancher etc.. Scripting languages like 
Python, Javascript, Ruby, Perl, Go, PHP, or Chef/Puppet etc.. Why You..."
https://kr.indeed.com/viewjob?jk=f0db02b55ac0f284,A.I 인공지능 개발 경력직,파이프트리스마트팜,서울 송파구,,"파이프트리 스마트팜 A.I 개발 경력직 채용 공고 인터넷·IT·통신·모바일·게임>빅데이터·AI(인공지능)>
Python|인터넷·IT·통신·모바일·게임>빅데이터·AI(인공지능)>R|인터넷·IT·통신·모바일·게임>빅데이터·AI..."
https://kr.indeed.com/viewjob?jk=b1df05a19043bcc0,Wind Resource Analyst Offshore (KR),RWE Renewables Korea LLC,서울,,"experience in programming languages (e.g. Matlab, 
Python... plus Agile mindset, analytical skills, creativity and problem..."
https://kr.indeed.com/viewjob?jk=0689b785f455ad30,스마트 팩토리 Data Engineer,중견 코스닥상장 기업 / 700명 / 7000억 규모,서울 여의도역,,"구축 - 데이터 분석 모델의 구현 및 응용 서비스(데이터 프로덕트) 개발 • 필수자격요건 - Java, 
Python, R 등을 이용하여 소프트웨어 개발이 가능한 분 - Hadoop, Spark, Kafka, ELK 등의..."
https://kr.indeed.com/viewjob?jk=11edb836898edd00,[NAVER Cloud] Security Engineer 모의해킹,네이버클라우드,성남 분당구,,"0-day 취약점 발견 [지원자격/필요역량]- 모의해킹 경력 2년 이상- 리버싱 및 웹 해킹 기술 보유- 
Python 프로그래밍 능력 [우대사항]- 해킹 대회 입상 경험을 보유하신 분- CVE 등록 경험을 보유하신 분 인터넷..."
https://kr.indeed.com/viewjob?jk=fe4e4e2ec9b43ada,"Cloud Operations Engineer, APAC",Canonical - Jobs,서울,,"scale... pure 
Python infra-as-code... Our cloud operations engineers bring 
Python software-engineering skills and rigour..."
https://kr.indeed.com/viewjob?jk=e3f3b7e2103d9bc7,"웹개발, 백엔드 외 신입/경력 정규직",코인챗,서울 강남구,"연봉 40,000,000원 - 50,000,000원","로그래머>웹개발|인터넷·IT·통신·모바일·게임>웹프로그래머>백엔드|인터넷·IT·통신·모바일·게임>웹프로그래머>프론트엔드|인터넷·IT·통신·모바일·게임>웹프로그래머>
Python|인터넷·IT·통신·모바일·게임>웹프로그래머>PHP"
https://kr.indeed.com/viewjob?jk=fe3ff8f651d902aa,[TmaxAI/R&D] AI 로보어드바이저 개발자,티맥스소프트,성남 분당구,,"기졸업자 또는 22년 2월 졸업 예정자 -금융공학을 포함한 금융 관련 분야 전공자 혹은 유관 능력 보유자 -
Python, numpy, pandas 사용 경험 우대사항 -컴퓨터 및 전산관련 전공 -금융권 경력 3년 이상이거나..."
https://kr.indeed.com/viewjob?jk=dc7e8ebe28f1cfc8,디지털개발부_데이터 엔지니어,라이나생명,서울 청진동,,"파이프라인 활용 경험 (ex airflow, argo etc) •오픈소스 기반 데이터 플랫폼 구축 경험 •
Python 개발 경험(숙련자 우대) •추천 알고리즘, ML 개발 경험 •AWS/GCP 등 클라우드 환경에서의 개발..."
https://kr.indeed.com/viewjob?jk=d86fcbd9198095a5,[환경가전 대기업] 데이터 엔지니어 (대리~과장급),커리어라임즈,서울 구로구,,"구성 및 운영 가능, SQL 쿼리 작성 가능 - Shell 스크립트, 
Python, Java 중 최소 1종 이상 사용 가능 - 유관 경력 5년 이상... 가능 - Shell 스크립트, 
Python, Java 중 최소 1종 이상..."
https://kr.indeed.com/viewjob?jk=04d685fc70b67d4e,Linux/Python/PHP/MySQL/백엔드 정규직 경력,일루미나리안,용인 보정동,,"보유 - DBMS(MySQL or MariaDB), scripting Language: bash, 
python, OOP 언어 중 가능자 - Back-End 서버를 개발해 보신 분 [우대사항] - Go(aka GoLang..."
https://kr.indeed.com/viewjob?jk=2b2dcd3ffe3d53df,카카오 데이터의 가치를 발굴할 데이터 분석가 모집,카카오,성남 판교역,,"기술 통계량 이해 및 해석) 데이터 분석 업무를 수행할 수 있는 언어 스킬 필수 SQL 필수 R 또는 
Python을 다룰 수 있는 분 (SAS, SPSS, GA, tableau 등 통계 툴만 사용 가능한 경우 제외) 하둡..."
https://kr.indeed.com/viewjob?jk=0e18de206fb62a7a,[KSTEC] SW 프로그래머 경력사원,지식시스템,성남 분당구,,"통신·모바일·게임>응용프로그래머>.NET|인터넷·IT·통신·모바일·게임>웹프로그래머>JAVA|인터넷·IT·통신·모바일·게임>웹프로그래머>
Python|인터넷·IT·통신·모바일·게임>웹프로그래머>HTML·DHTML·mHTML"
https://kr.indeed.com/viewjob?jk=25725b3c0e607311,Junior Quant Trader,Byzantine Partners,서울,,"background is a plus Programming capability is mandatory (i.e.
Python) Understanding of machine learning algorithm is a plus..."
https://kr.indeed.com/viewjob?jk=51b1ff20dbe80072,CS DUV LCP Engineer,에이에스엠엘코리아,경기도 화성,,"로그래머>
Python|인터넷·IT·통신·모바일·게임>응용프로그래머>클라우드|인터넷·IT·통신·모바일·게임>네트워크·서버·보안>UNIX·LINUX계열 서버운영·관리|인터넷·IT·통신·모바일·게임>웹프로그래머>
Python|인터넷..."
https://kr.indeed.com/viewjob?jk=d83fc0dd2641f483,전문연구요원 (병역특례) 수시 (AI / SW 분야),딥엑스,성남 분당구,"연봉 40,000,000원 - 100,000,000원","요구 능력] - ASM/C/C++/
Python 언어 코딩 기술 - 운영체제... 경험 - Windows/Linux 상에서 C++/
Python 언어 사용 개발 경험 - C++ / 
Python 언어 사용 개발 경험 - 객체지향 설계에..."
https://kr.indeed.com/viewjob?jk=b500bd2a00c3c8ac,"정보보호 엔지니어(보안개발, 서버보안) 모집",카카오,성남 판교역,,"자동화 경험이 있으신 분이 유리합니다. 지원자격 (필수) 서버 개발경험이 있으신 분 [mongdb, 
python, docker, bash script] Linux 플랫폼에 대한 이해가 있으신 분 내부통제 관점의 기업보안..."
https://kr.indeed.com/viewjob?jk=7086f2bab178fe22,빅데이터 플랫폼 개발자(경력),네이버,서울,,"관련 기본 지식을 갖추고 있으며, 분산 환경에서 대용량 데이터 처리 경험이 있으신분 - Java / 
Python 개발경험과 프로그래밍 기본 지식을 가지신 분 - Spring Framework 기반의 API 서버, 웹서버 개발..."
https://kr.indeed.com/viewjob?jk=c25feb431668b850,Teacher,Grace International Academy (School for the...,서울•원격 근무,"시급 50,000원 - 120,000원","Cultures) Computer Science (Programming Languages--e.g., 
Python, C/C++, etc. ) Fine Arts (BFA/MFA Majors) Instructors..."
https://kr.indeed.com/viewjob?jk=cea8db2153898382,[서비스 플랫폼] 백엔드 엔지니어 (전문연구요원 가능),버즈니,서울,,"이런 분을 찾습니다 Docker 기반 환경의 서비스 구축 경험이 있으신 분 Flask, Falcon 등 
Python 기반 웹어플리케이션 서버 개발 경험이 있으신 분 RDBMS 또는 Elasticsearch 등을 활용한 시스템..."
https://kr.indeed.com/viewjob?jk=b574f1454ae36aab,Cross Border Ecommerce - Business Intelligence (Based in Seo...,Shopee,서울,,"business analyst related roles Proficient in SQL and 
Python Strong analytical skill and sensitivity to data Strong oral..."
https://kr.indeed.com/viewjob?jk=513c6bc4deaf2ecb,운용본부 신입사원,트리니티자산운용,대한민국,,"등 계량 분석에 관한 학업을 수행한 자 · 영어, MS Office 등에 능통한 자 · 프로그래밍 가능자 (
Python, VBA 등) 2. 전형방법 - 1차 서류전형 - 2차 면접전형 (서류심사 합격자에 한해 면접일정 개별..."
https://kr.indeed.com/viewjob?jk=b06baec9900b3468,Information Software Technology Consultant,Demo - Rockwell Automation,서울,,"experience in Java, C#, C++ JavaScript Web Components 
Python or equivalent Knowledge... following... preferred..."
https://kr.indeed.com/viewjob?jk=1d2b22a2bcd3256f,[AI/Lab] AI 백엔드 엔지니어 (마케팅 분야_전문연구요원 가능),버즈니,서울,,"으로 마케팅 인사이트 도출 – 보유하고 있는 빅 데이터를 활용하여 마케팅 인사이트 도출 이런 분을 찾습니다 
Python 프로그래밍에 능숙하신 분 DB, 통계, 컴퓨터 기반 기술에 대한 이해를 가지신 분 이런 분은 더욱 좋습니..."
https://kr.indeed.com/viewjob?jk=3d443ee71495ac5d,[kt alpha] 개발직군 경력 사원 ( 시 마감),케이티알파,서울 동작구,,"인터넷·IT·통신·모바일·게임>웹프로그래머>웹개발|인터넷·IT·통신·모바일·게임>웹프로그래머>
Python|인터넷·IT·통신·모바일·게임>응용프로그래머>C·C++|인터넷·IT·통신·모바일·게임>응용프로그래머>JAVA|인터넷..."
https://kr.indeed.com/viewjob?jk=8c32b5db8ab28c7d,"[광고 추천] 데이터 과학자, 기계학습(머신러닝) 전문가 모집",카카오,성남 판교역,,"학습(머신러닝), 딥러닝에 관한 지식과 경험이 풍부한 분 하나 이상의 프로그래밍 언어에 능통한 분 (예, 
Python, R, Java, Scala, C/C++, Golang 등) 단, 주니어는 기계학습 기초 지식과 개발 역량..."
https://kr.indeed.com/viewjob?jk=116009dbf59211ed,퍼즐데이터 역량있는 데이터 분석가,주식회사퍼즐데이터,서울 역삼동,,"데이터 마이닝 및 통계분석에 대한 전반적인 이해 3. 관련분야(산업공학, 통계 등) 전공 4. R or 
Python 사용 능력 * 이런 분은 더욱 좋아요. 1. 프로세스 마이닝 지식 보유자 2. 관련분야 대학원 전공 3..."
https://kr.indeed.com/viewjob?jk=b40c2fca5a96e5b8,[AI R&D] Language AI(NLP) Research 분야 모집,엔씨소프트,성남 판교역,,"분 - 통계/Machine Learning에 대한 이해와 활용 능력 및 text 처리 기술에 대한 경험 - 
Python, Java 등을 이용하여 NLP 기술을 구현 가능한 분 - 최신 기술(논문, 기술문서 등)을 습득하는..."
https://kr.indeed.com/viewjob?jk=44c10b6ee53ba13a,정보보안팀 정보보호 담당자 채용 (경력),삼정 KPMG,서울 강남구,,"및 로그 분석 시스템 툴 개발/운영 -7년 ~ 9년 정보보호 및 보안 시스템 운영 업무 경험이 있는 분 -
Python, Shell, Java등 언어 사용 능력을 보유하여 보안업무를 진행한 경험이 있는 분 -상용 솔루션 및..."
https://kr.indeed.com/viewjob?jk=44c10b6ee53ba13a,정보보안팀 정보보호 담당자 채용 (경력),삼정 KPMG,서울 강남구,,"및 로그 분석 시스템 툴 개발/운영 -7년 ~ 9년 정보보호 및 보안 시스템 운영 업무 경험이 있는 분 -
Python, Shell, Java등 언어 사용 능력을 보유하여 보안업무를 진행한 경험이 있는 분 -상용 솔루션 및..."
https://kr.indeed.com/viewjob?jk=d6c05c588971df5a,백엔드 파운트 시스템 엔지니어 (현재 급여수준 이상 보장),파운트,서울 충정로역,,"경험 - Linux명령어 및shell스크립트 작성 능숙 우대사항 - 
Python, Java등을 이용한 프로그래밍 경험 네트워크및 서버에 대한 표준화... 립트 작성 능숙 우대사항 - 
Python, Java등을 이용한 프로그래..."
https://kr.indeed.com/viewjob?jk=e29bd57c416ee579,인재 Pool 등록,S&I Corp.,대한민국,,"5년 이상 (IT기획, 프로젝트 PM/PL, 개발경력 등) - 자격 : 컴퓨터 언어 활용능력 보유 (JAVA, 
PYTHON) : 데이터베이스(RDBMS) 활용능력 보유 - 우대사항 : IT 예산(HW,SW,인건비) 수립 경험..."
https://kr.indeed.com/viewjob?jk=43894f19dad2b694,"Strategic Cloud Engineer, Infrastructure, Google Cloud Profe...",Google,서울,,"writing software in one or more languages (e.g., Java, 
Python, etc.). Preferred qualifications: Experience with cluster..."
https://kr.indeed.com/viewjob?jk=5b015b9613812d9d,Customer Data Analyst,Motion2AI,서울,,"긴밀하게 협업하고 데이터 기반 확장 가능한 서비스 모듈 추가 및 성능 향상에 기여합니다. 필수 조건 
Python (pandas, numpy), R, SQL... VBA 사용에 익숙함 물류 프로세스 분석 및 설계..."
https://kr.indeed.com/viewjob?jk=774afc35e3ec6e5a,[AI/Lab] Recommendation System 리서치 엔지니어 (전문연구요원 가능),버즈니,서울,,"있으신 분 논문을 빠르고 정확하게 이해하고 구현할 수 있으신 분 최신 추천 기술 동향을 파악하고 계신 분 
Python 사용 능력이 능숙하신 분 ※ 참고사항 : 해당 직군은 상세 경력기술서 제출이 필수입니다. 이런 분은..."
https://kr.indeed.com/viewjob?jk=1fd8f64fe3e94c61,VDI 엔지니어 경력 정규직,다원커리어,서울 서초구,"연봉 40,000,000원 - 50,000,000원","DM/NV 등) 우대사항 1) 정보처리산업기사 이상의 자격을 보유하신 분 2) PowerShell/Bash/
Python 등 System Script 경험이 있는 분 기타정보 1) 삼성전자 반도체 사업장 VMware VDI..."
https://kr.indeed.com/viewjob?jk=08f44dbc98b82482,[피파온라인4] Software Engineer (DBA & Data Engineering),Electronic Arts,서울,,"Data Engineering 관련 경력 3년 이상 Linux, Cloud 환경에서 Javascript, 
Python을 통한 서비스 개발 경험 대규모 데이터 분산처리 시스템을 개발 및 운영하였거나 관련 오픈소스 기술 경험..."
https://kr.indeed.com/viewjob?jk=e658236007117d98,Junior Business Analyst (Non-tech),Coupang,서울,,"의와 체계적 사고체계를 갖추신 분 [우대 조건] 이커머스, 리테일, 물류 관련 도메인 경험을 보유하신 분 
Python, R 등 기타 프로그램 언어 사용 경험을 보유하신 분 한국어 및 영어 모두 능숙한 커뮤니케이션이 가능하..."
https://kr.indeed.com/viewjob?jk=1bec74fe497f5326,"프로그램개발자, 연구과제 외 기술영업 신입/경력 정규직",코이노,서울 강서구,"연봉 25,000,000원 - 30,000,000원","PHP |인터넷·IT·통신·모바일·게임>웹프로그래머>JAVA|인터넷·IT·통신·모바일·게임>웹프로그래머>
Python|인터넷·IT·통신·모바일·게임>응용프로그래머>Visual C++(MFC·ATL)|인터넷·IT·통신·모바일..."
https://kr.indeed.com/viewjob?jk=e75121d8930a8604,Quant Trader(코딩 역량 우수자),디에스파트너즈그룹,서울,,"리할 수 있는 사람자신 또는 타인의 생각을 긍정적인 방향으로 항상 의심하고 개선할 수 있는 사람아이디어나 논리를 수치적으로 검증하는 능력과 습관이 있는 사람 인터넷·IT·통신·모바일·게임>빅데이터·AI(인공지능)>
Python"
https://kr.indeed.com/viewjob?jk=7377a0516b6c7f25,"Manager, Data & Analytics, IT",Adidas,서울,,"Experience with analytics tools and disciplines (SQL, 
Python, database management... Project management skills, including..."
https://kr.indeed.com/viewjob?jk=7735387bd2d97488,금융공학연구소 신입 및 경력직원 채용,KIS채권평가,서울 여의도,,"공자 2.금융상품 평가에 대한 이해 및 방법론 개발 역량 3.파생상품 평가모형 프로그래밍 경험 (C/C++, 
Python 등) 4.우대조건 ㆍ석사학위 이상 소지자 ㆍ리서치 능력 보유자 전형절차 및 일정 서류접수 .11..."
https://kr.indeed.com/viewjob?jk=155996bae21250a5,"[Robotics] Robotics Software Engineer, Sensor System",네이버,서울,,"기술 분야의 학사 이상 학위 ㅇ 로봇 센서 시스템 디자인 혹은 센서 처리 모듈 개발 및 최적화 경험 ㅇ 
Python/C++ 활용 능숙 ㅇ ROS/ROS2를 활용한 개발 경험 ㅇ Ultrasonic, 2D/3D camera..."
https://kr.indeed.com/viewjob?jk=9411f32a856fe635,카드 업무자동화 개발 및 운영 경력사원 채용,우리에프아이에스,서울 상암동,,"0명) [필수사항] ㅇ RPA 개발 및 운영 2년 이상 경험자 ㅇJava, Javascript, C#, 
Python 개발 경험 [우대사항] ㅇ 다양한 RPA 시스템 개발 및 구축 경험자 ㅇ금융권 여신업무 개발 및 운영 2..."
https://kr.indeed.com/viewjob?jk=42781bed59a9be95,연구개발본부 채용공고,쿠첸,서울 삼성동,,"이상 • 경력 : 5년 이상 [우대사항] • 양산제품 IoT Platform 개발 경험자 • Java, 
Python, Javascrip 등을 활용하여 back-end 개발 경험자 • 다양한 Socket 통신 프로토콜 개발..."
https://kr.indeed.com/viewjob?jk=96bb239ebd9b6508,Digital Analytics Specialist,Media.Monks,서울,,"end languages (
Python, NodeJS, PHP, etc... HTML5 / CSS / JavaScript, 기타 프론트 엔드 언어 (
Python, NodeJS, PHP 등) 등 읽고 쓰는 능력 기본 혜택..."
https://kr.indeed.com/viewjob?jk=223a690b52090454,데이터 플랫폼 엔지니어,데브시스터즈,서울 신사동,,"당하게 됩니다. 지원자격 -2년 이상 또는 이에 준하는 대규모 분산 시스템 개발/운영 업무 경험 -
Python, Go 또는 JVM 기반 언어(Scala, Java 등) 를 능숙하게 사용 -자신이 만드는 서비스에 대한..."
https://kr.indeed.com/viewjob?jk=146d6bd9b35343fb,[경력] Back-End 프로그램 개발자,다나와,서울 양천구,,"처리 시스템 개발 및 운영- Back-End 개발 경력 2년 이상- 
Python, Java 중 한가지 언어를 능숙하게 사용할 수 있는 능력- 데이터... 통신·모바일·게임>웹프로그래머>
Python|인터넷·IT·통신·모바일·게임..."
https://kr.indeed.com/viewjob?jk=e900a96bede657ee,그로스 엔지니어 신입&경력 (정규직),오피노마케팅,서울 성동구,,"있으신 분 [Preferred Qualifications 우대사항] -
Python 개발에 대한 이해 -Google Optimize 사용 경험 인크루트... Qualifications 우대사항]-
Python 개발에 대한 이해..."
https://kr.indeed.com/viewjob?jk=d8d4ba760cf7bc2b,QA Engineer,Soomgo,서울 강남구,,"경험이 있으시거나 이에 준하는 역량을 가지신 분 테스트 자동화 스크립트 작성을 위한 프로그래밍 언어(
Python, Javascript 등) 역량을 가지신 분 Selenium, Appium을 활용한 라이브 서비스의 테스트 자동..."
https://kr.indeed.com/viewjob?jk=71675db885a52e67,추천 서비스 개발자,myrealtrip,서울,,"고자 하는 분 Java에 매우 숙련되어 있고, 다른 언어(kotlin/
python/scala)도 빠르게 배울 수 있는 분 데이터 기반 서비스에 아이디... Java, Kotlin, 
Python, Scala, Javascript..."
https://kr.indeed.com/viewjob?jk=43165d6905d319a4,(주)엘솔루 서비스기획 관리자,㈜엘솔루,서울,,"통신·모바일·게임>웹프로그래머>HTML·DHTML·mHTML|인터넷·IT·통신·모바일·게임>웹프로그래머>
Python|재무·회계·경리>세무·회계>회계|재무·회계·경리>세무·회계>전산회계|재무·회계·경리>세무·회계>회계감사"
https://kr.indeed.com/viewjob?jk=754be9e3d78fa802,2021년 상반기 R&D 개발자 (병역특례 가능/경력 무관),네오스텍,인천 연수구,,"담당업무: - 블루투스 메시 기반 위치 추적 솔루션 개발 - 상기 솔루션의 임베디드 펌웨어 개발 - C(필수), 
Python, Javascript 프로그래밍 언어 사용 - 기술 지원 [자격요건] 경력사항: 무관 (신입도 지원..."
https://kr.indeed.com/viewjob?jk=05e717853c8ebb6c,Product Specialist,SAP,서울,,"Knowledge of programming languages (e.g. ABAP, C++, 
Python, Unix shell etc.) Knowledge of Linux & Server technologies (HA..."
https://kr.indeed.com/viewjob?jk=cb3d3bf58ea0bf85,Linux/임베디드 기반 보안 솔루션 개발자,노르마,서울 성동구,,"출서류에 허위사실이 있을 경우 채용이 취소될 수 있습니다. 인터넷·IT·통신·모바일·게임>웹프로그래머>
Python|인터넷·IT·통신·모바일·게임>응용프로그래머>C·C++|인터넷·IT·통신·모바일·게임>응용프로그래머>Linux"
https://kr.indeed.com/viewjob?jk=3c2bf0ec25a85c9f,"Senior Analyst - Data Science, Marketing & Sales",McKinsey & Company,서울,,"mathematics) 4+ years of experience working with SQL and 
Python or R programming Ability to manage and query large databases..."
https://kr.indeed.com/viewjob?jk=15ef2e84bd2ba0cd,Data Scientist,중견 코스닥상장 기업 / 700명 / 7000억 규모,서울 여의도역,,"필수자격요건 - 통계학 및 기계학습에 대한 이해가 있는 분 - 데이터 분석 업무를 위한 프로그래밍 언어 
Python 및 R, SQL 등 사용 가능한 분 - Hive, Impala, Spark 등 빅데이터 분석 플랫폼을 활용할..."
https://kr.indeed.com/viewjob?jk=ccd4f5407a32ba6a,Data Scientist,Boston Consulting Group,서울,,"analysis a plus, Programming... scripting exp.: eg. 
Python, C#, VBA, Java, Perl, etc. Experience in applied analytics..."
https://kr.indeed.com/viewjob?jk=6f4889537af98046,데이터 사이언티스트 및 엔지니어,NHN,성남 판교역,,"스트, 결과 해석 등) - 머신 러닝 및 데이터 분석 관련 언어(R, 
Python, SQL 등)의 능숙한 활용 - 통계, 머신 러닝 등 관련 분야... 관련 언어, 라이브러리(R, 
Python, SQL, tensorflow 등..."
https://kr.indeed.com/viewjob?jk=1c4f1c0b625f5abd,데이터 사이언티스트 직군 모집,넷마블,서울 구로구,,"요건 - 관련 분야 경력 3년 이상 - 정형/비정형 데이터 분석 및 모델링 가능 - 통계 분석 도구 (R, 
Python, Tensorflow 등) 및 SQL 사용 가능 - 다양한 직군의 사람들과 원활한 커뮤니케이션 및 협업..."
https://kr.indeed.com/viewjob?jk=049e047740085644,분당 kt 전산 프로그램 개발/운영 인력,예지아이엔씨,성남 분당구,,"수 있습니다. 인터넷·IT·통신·모바일·게임>웹프로그래머>JAVA|인터넷·IT·통신·모바일·게임>웹프로그래머>
Python|인터넷·IT·통신·모바일·게임>웹프로그래머>JSP|인터넷·IT·통신·모바일·게임>데이터베이스·DBA..."
https://kr.indeed.com/viewjob?jk=a6d0f0030a9ad230,링크샵스 플랫폼 개발 및 유지보수 담당,링크샵스,서울 중구,,"알고리즘 모델링 및 적용 경험 [우대사항] • 인공지능, 머신러닝(기계학습), 빅데이터 관련 석사 우대 • 
Python, Tensorflow, Keras 경험자 우대 • 대용량 서비스 및 데이터 처리 경험자 우대 • 이미치..."
https://kr.indeed.com/viewjob?jk=0b8954820c552c3b,Korea - Lead Data Analyst,Nike,서울,,"SQL •Basic experience with scripting languages... Shell, 
Python and source code control tools... GitHub •Experience..."
https://kr.indeed.com/viewjob?jk=55dc8813cdc0ee34,Consultant_App Innovation,Microsoft,서울,,"PowerShell, 
Python or other scripting... languages (e.g., C#, JavaScript, PHP, 
Python) Application Lifecycle Management (e.g..."
https://kr.indeed.com/viewjob?jk=7c3ab1b710eed134,ADAS카메라 System SW개발 경력인재 [자동차부품 우량대기업],에스에프인촌,서울,,"C·C++|인터넷·IT·통신·모바일·게임>응용프로그래머>Linux|인터넷·IT·통신·모바일·게임>응용프로그래머>
Python|인터넷·IT·통신·모바일·게임>통신·모바일>커넥티드카 개발자|인터넷·IT·통신·모바일·게임>소프트웨어..."
https://kr.indeed.com/viewjob?jk=f159373d1221fccf,[NICE평가정보] 연구/조사 신입 및 경력 채용,NICE그룹,서울 여의도,,"요건 ㆍ대졸 이상(4년제) 또는 졸업예정자('22.2월) ㆍ데이터 분석 역량 보유 (SAS, STATA, 
Python 등 활용경험) 우대요건 ㆍ3년 이상 관련 실무경력 보유자 ㆍ석사학위 이상 소지자 (경제/경영/통계/수학..."
https://kr.indeed.com/viewjob?jk=a36b547d3f9ccf46,"Graduate Analyst, Global Market",Société Générale,서울,,"propose new ideas Good coding skills (for example VBA... 
Python... plus Excellent command of English Application..."
https://kr.indeed.com/viewjob?jk=c30f0ea918f59e22,2021년 하반기 AI 관련 엔지니어 신입 및 경력 직원 모집,주식회사 스누아이랩 관심기업,서울 신림동,,"python, pytorch, tensorflow, triton inference server, FastAPI, NatsIO, Deepstream, docker) - ML 제품의 학습 파이프라인 개발 (
python..."
https://kr.indeed.com/viewjob?jk=16dff836029458af,"모바일 앱 서버 개발(Java, Python)",휴먼디지털,서울,,"Python) 자격조건 - 정보시스템 설계 및 데이터 마이닝용 시스템 설계. - 모바일 앱 서비스용 서버 API 설계 및 개발. - 주소록 동기화, Confirmed Push 경험 하신 분 우대. - 자바, 
Python..."
https://kr.indeed.com/viewjob?jk=a64e1e21f61265ce,각 분야별 인재 Pool 등록,지투알,서울,,"자 - 데이터 분석 툴(Adobe Analytics 또는 Google Analytics) 유경험자 우대 - 
Python, R, SQL 역량 보유자 우대 - 데이터에 기반한 문제해결 능력 및 통계학적 지식 보유자 우대 - 담당..."
https://kr.indeed.com/viewjob?jk=a0dda478567db352,"(주)트윔 개발자(경력직) 빅데이터,영상처리,머신비전/AI 딥러닝",트윔,경기도 화성,,"자기주도적으로 진행한 경험 - 
Python/C/C++ 능통자 - 데이터... RNN 등 딥러닝 이론 및 알고리즘 유경험자 - C/C++, Java, 
Python/TensorFlow/Caffe 사용가능자 - Matlab/R 분석..."
https://kr.indeed.com/viewjob?jk=ffe578e87812e778,DevOps Engineer (Engineering Foundation),뱅크샐러드,서울 영등포구,,"대로 뱅크샐러드 적용 가능성 제시 자격 요건 2년 이상의 Back-end 개발 혹은 DevOps 경험 보유 
Python/Node/shell script 을 이용한 개발/문제해결 경험 보유 Kubernetes, AWS, IDC..."
https://kr.indeed.com/viewjob?jk=2165954253e0cd92,채용전제형 인턴십 모집,이베스트투자증권,서울 여의도역,,"금융투자분석사, CFA Level 1 이상 등 관련 자격 보유자 • 엑셀 VBA 프로그래밍, SQL 
Python, R 등 활용가능자 • 통계학, 머신러닝, AI 관련 지식 보유자 리테일 영업지원 (기획, 지원..."
https://kr.indeed.com/viewjob?jk=af4e6600ee5aa6c9,[대형보험사] 신사업부문 Test Engineer (대리급),커리어라임즈,서울 영등포구,,"프레임워크 사용 경험을 바탕으로 독립적인 환경구축을 진행 해 보신분 •
Python, Java, Node.js, Bash 등 테스트 자동화를 위한 개발... 립적인 환경구축을 진행 해 보신분 •
Python, Java, Node.js..."
https://kr.indeed.com/viewjob?jk=d193999bb6d038d4,Analog Design Engineer,Cirrus Logic,서울,,"Modeling of solutions using tools... 
Python, Matlab, Simulink, and Spectre AMS... tools... 
Python, Matlab, Simulink..."
https://kr.indeed.com/viewjob?jk=109c5533ffdaaa84,[DB금융투자] 2021년 하반기 신입사원 모집,DB그룹,서울 대치동,,"개선, 신규 서비스 기획 등 프로젝트 진행 전공 제한없음 ※ JAVA, Objective-C/Swift, 
Python 등 기술보유자 우대... 금융관련 자격증 보유자 우대 ※ 영어 능통자 우대 0명 서울 (여의도..."
https://kr.indeed.com/viewjob?jk=fecc1f2f8e371810,VP R&D,Mofac,서울 서초구,,"이상 경력 · C++, 
Python, PySide/PyQt 및 Mata API/Mel · 최소 3년 이상 UE4로 VR, AR, XR에 대해 TA 또는 TD 경험이 있으신 분 우대사항 · C++ 또는 
Python 중급 이상..."
https://kr.indeed.com/viewjob?jk=ef83fe4e6441cae1,Data Scientist (IBM Client Engineering),IBM,서울,,"derive meaningful data insights (e.g., 
Python, R, Spark, TensorFlow, Jupyter, etc... language... 
Python or R Preferred..."
https://kr.indeed.com/viewjob?jk=3cf01580ba5eb23a,NLP Researcher,AITRICS,서울,,"Stacks [Back-end] Language: 
python, golang 
Python Framework: Django, Bottle [Front... Language: 
python, golang 
Python Framework..."
https://kr.indeed.com/viewjob?jk=65d17e4704beb445,네트워크 보안 담당자 채용,케이뱅크은행,서울 중학동,,"정보보안기사 등 관련 자격증을 보유하신 분 - 포렌식 업무 경험 또는 관련 자격증을 보유하신 분 - Java, 
Python 등 프로그래밍 언어가 능숙하신 분 근무조건 [근무조건] - 근무형태 : 정규직 - 모집인원 : 명..."
https://kr.indeed.com/viewjob?jk=4c25d6649f8434a8,[외국계 스타트업 미소] Business Analyst Intern (정규직 전환형),유한회사 미소,서울,,"통신·모바일·게임>빅데이터·AI(인공지능)>데이터분석|인터넷·IT·통신·모바일·게임>빅데이터·AI(인공지능)>
Python|인터넷·IT·통신·모바일·게임>데이터베이스·DBA>MySQL|인터넷·IT·통신·모바일·게임>데이터베이스..."
https://kr.indeed.com/viewjob?jk=a0ad1aceea1ab20b,[고객서비스] 데이터 분석 및 예측모형 개발 담당자,한국카카오은행,서울 용산구,,"개발 경험이 있는 분· SQL, 
Python, R 등을 사용한 데이터 핸들... 터넷·IT·통신·모바일·게임>웹프로그래머>
Python|인터넷·IT·통신·모바일·게임>응용프로그래머>
Python|인터넷·IT·통신·모바일·게임>데이터베..."
https://kr.indeed.com/viewjob?jk=ebd9b7e972f551fc,서버 개발자 Python(Django) Developer (신입/경력),아테나스랩,서울 마포구,,"유관직무 경력자 서버 개발자 
Python(Django) Developer... 있습니다.■ 자격 요건 인터넷·IT·통신·모바일·게임>웹프로그래머>
Python|인터넷·IT·통신·모바일·게임>웹프로그래머>웹개발|인터넷·IT·통신..."
https://kr.indeed.com/viewjob?jk=83ac30b1574b7209,[진행중] 우리은행 AI사업부 전문직(인공지능 알고리즘) 채용공고,우리은행,서울 회현동,,"조건 중 한 가지 이상 충족) - 인공지능 알고리즘 설계/검증 및 성능 개선 업무 경력 보유 - 
Python, R 등 프로그래밍 활용 역량 보유 - 은행, 카드, 보험 등 금융 분야 프로젝트 경험자 우대사항..."
https://kr.indeed.com/viewjob?jk=be95b5718905880f,AI/빅데이터/클라우드 분야 (인재 Pool),LG유플러스,서울,,"의미한 인사이트 발굴 - R, 
Python, SQL 등 Statistics... 등)의 다양한 솔루션을 활용하여 서비스 개발 경험자 2) Java,
Python 등 프로그래밍 개발 경험 보유자 3) Container 기반 서비스..."
https://kr.indeed.com/viewjob?jk=00ff703b7a55973e,Applications Engineer,Cirrus Logic,서울,,"design. Familiarity with scripting/programming language... 
Python, C, MATLAB or similar Solid hands-on experience in lab..."
https://kr.indeed.com/viewjob?jk=618da760604e7c59,"[자동차 전장부품 우량대기업] Embedded 보안, 방화벽 경력인재",에스에프인촌,서울,,"모바일·게임>응용프로그래머>Linux|인터넷·IT·통신·모바일·게임>응용프로그래머>Android|인터넷·IT·통신·모바일·게임>응용프로그래머>
Python|인터넷·IT·통신·모바일·게임>시스템프로그래머>임베디드(Embedded)"
https://kr.indeed.com/viewjob?jk=e2634ba76e9fe9e8,(주)시큐아이 경력사원,시큐아이,서울 중구,,"게임>응용프로그래머>Linux|인터넷·IT·통신·모바일·게임>응용프로그래머>
Python|인터넷·IT·통신·모바일·게임>웹프로그래머>
Python|인터넷·IT·통신·모바일·게임>네트워크·서버·보안>네트워크구축·운영·관리|인터넷..."
https://kr.indeed.com/viewjob?jk=5c466b72dcc66bfe,Python 시스템 개발자 신입/경력자,마스코리아,세종특별자치시,,"직무내용] 담당업무 ㆍ영상처리 & 머신러닝 시스템 개발, 통신(TCP/IP, Serial), FTP, DB 지원자격 ㆍ경력 : 신입/경력 2년 이상학력 : 초대졸(2년제)이상연봉 : 면접후 결정우대사항ㆍ전기/전자공학, 컴퓨터..."
https://kr.indeed.com/viewjob?jk=aac8e9355cb855ac,[인재풀] 아티스트,Electronic Arts,서울,,"Maya or 3D Max등의 아트웍 툴 사용 경험 Max script 또는 Mel Script의 사용 경험 C# 또는 
Python 언어에 대한 이해 및 활용 능력 아트웍 관련 툴 제작 또는 플러그인 제작 경험"
https://kr.indeed.com/viewjob?jk=1aa299b7e2ed3100,대기업 딥러닝 기반 영상처리 개발자 (판교),인파트너스,서울,"연봉 60,000,000원 - 70,000,000원","Pytorch- 
Python, C/C++, Docker C/C++/C#... 머신러닝|인터넷·IT·통신·모바일·게임>빅데이터·AI(인공지능)>
Python|인터넷·IT·통신·모바일·게임>시스템프로그래머>임베디드(Embedded)"
https://kr.indeed.com/viewjob?jk=3822d1c0cf5cb8db,BackEnd Engineer,Streami,서울,"연봉 50,000,000원 - 150,000,000원","Javascript, Java, 
Python 중 적어도 하나 이상의 경험을... 구축을 경험하신 분 * Modern Javascript, Java, 
Python 중 하나 이상에 탁월한 능력을 지닌 분 * AWS 상에서 제품을 구축..."
https://kr.indeed.com/viewjob?jk=28b343c3943a7dca,"웹개발, 백엔드 외 경력 정규직",핀후드,서울 성동구,"연봉 35,000,000원 - 40,000,000원","요건]경력사항: 경력(1년 이상 3년 이하)학력사항: 학력무관직무기술: 
Python, django 1 명 근무조건 고용형태: 정규직근무부서: 개발팀급... 로그래머>프론트엔드|인터넷·IT·통신·모바일·게임>웹프로그래머>
Python"
https://kr.indeed.com/viewjob?jk=3431fd70b5195703,빅데이터 전문가 양성과정 [취업연계형],홍익대학교세종캠퍼스산학협력단,세종특별자치시,,"게임>빅데이터·AI(인공지능)>
Python|인터넷·IT·통신·모바일·게임... 터넷·IT·통신·모바일·게임>웹프로그래머>
Python|인터넷·IT·통신·모바일·게임>응용프로그래머>
Python|인터넷·IT·통신·모바일·게임>응용프로..."
https://kr.indeed.com/viewjob?jk=e75121d8930a8604,Quant Trader(코딩 역량 우수자),디에스파트너즈그룹,서울,,"리할 수 있는 사람자신 또는 타인의 생각을 긍정적인 방향으로 항상 의심하고 개선할 수 있는 사람아이디어나 논리를 수치적으로 검증하는 능력과 습관이 있는 사람 인터넷·IT·통신·모바일·게임>빅데이터·AI(인공지능)>
Python"
https://kr.indeed.com/viewjob?jk=c25feb431668b850,Teacher,Grace International Academy (School for the...,서울•원격 근무,"시급 50,000원 - 120,000원","Cultures) Computer Science (Programming Languages--e.g., 
Python, C/C++, etc. ) Fine Arts (BFA/MFA Majors) Instructors..."
https://kr.indeed.com/viewjob?jk=d7e9da4d32399dfe,침해사고 분석/대응 및 보안장비 운영 담당자 모집,카카오,성남 판교역,,"최신 인프라에 대한 이해 (Docker, K8s, Hadoop, ElasticSearch, kafka 등) 
python 등을 이용한 업무 자동화 유경험자 EDR/백신 관리 유경험자 적극적이고 긍정적인 마인드 보유자 원활한..."
https://kr.indeed.com/viewjob?jk=2f56d4b70c1df086,하반기 인턴직 모집,한솔그룹,서울 을지로2가,,"지니어 (IT 인프라 관리/운영) 서버, 네트워크 Bash, Java, 
Python ① 학력 : 초대졸 이상 (2020년 2월 이후 졸업/졸업예정... JavaScript, VC++, 
Python) 한솔 PNS IT 부문..."
https://kr.indeed.com/viewjob?jk=87e6d02f116aab21,"[입사축하금100만원, 전문연구요원] 데이터사이언티스트 / 영상인식 개발자",카비,서울 금천구,,"문제 해결 경험 보유자ㆍSQL, 
Python, R 등 통계/분석 프로그램... 빅데이터·AI(인공지능)>
Python|인터넷·IT·통신·모바일·게임>응용프로그래머>C·C++|인터넷·IT·통신·모바일·게임>응용프로그래머>
Python"
https://kr.indeed.com/viewjob?jk=84fd9f9deb6105b0,"웹개발, Python 외 신입/경력 계약직",쿠바로엠앤씨,서울 강서구,,"주식회사 쿠바로엠앤씨 웹개발, 
Python 외 신입/경력 계약직 채용 모집... 게임>웹프로그래머>웹개발|인터넷·IT·통신·모바일·게임>웹프로그래머>
Python|인터넷·IT·통신·모바일·게임>웹프로그래머>백엔드|인터넷·IT·통신..."
https://kr.indeed.com/viewjob?jk=b2eb1fe78ff9ee5f,[대기업] 데이터분석가 경력 (대리~과장급 2명),에이치알니즈,서울,,"경력5년 이상-통계분석과 Machine Learning알고리즘에 대한 기본지식 보유-SQL, SAS, R, 
Python 중2개 이상의 분석도구에 대한 기본 이해-현상에 대한 문제인식과 적극적인 문제해결의지-통계적 수치에 대한..."
https://kr.indeed.com/viewjob?jk=17b0ed5f0e14292a,[마케팅커뮤니케이션팀] 태블로(Tableau) 데이터 시각화 및 분석 담당자,심플렉스,서울 동작구,,"활용 경험 - 논리적이고 분석적인 사고력 - 다양한 데이터에서 인사이트를 찾아내는 역량 우대요건 - 
Python, JavaScript 사용 역량 - JIRA, Google Suite 경험 - 웹 크롤링 경험 - 태블로..."
https://kr.indeed.com/viewjob?jk=3cf01580ba5eb23a,NLP Researcher,AITRICS,서울,,"Stacks [Back-end] Language: 
python, golang 
Python Framework: Django, Bottle [Front... Language: 
python, golang 
Python Framework..."
https://kr.indeed.com/viewjob?jk=78e99625e5de3c95,전문연구요원 (병역특례) 수시 (AI / HW 분야),딥엑스,성남 분당구,"연봉 40,000,000원 - 100,000,000원","모델의 RTL IP 설계 및 IP 검증 가능자 - Language: 
Python/Perl, C/C++ [우대 조건] - ARM based SoC 설계... Linux, shell, tcl, 
python, perl 사용 원활..."
https://kr.indeed.com/viewjob?jk=d52fda8cd0255690,[자동차 전장부품 우량대기업] Security ASDL 경력인재,에스에프인촌,서울,,"바일·게임>응용프로그래머>Linux|인터넷·IT·통신·모바일·게임>응용프로그래머>Android|인터넷·IT·통신·모바일·게임>응용프로그래머>
Python|전자·기계·기술·화학·연구개발>연구원·연구개발>커넥티드카소프트웨어기술개발"
https://kr.indeed.com/viewjob?jk=441d45a99d2ff14d,"[데이터 분석가, 데이터 사이언티스트 (신입/경력)]",인피니그루,서울 성동구,,"Data 분석관련 알고리즘에 대한 이해를 바탕으로 실Data 기반 분석 경험 및 분석가능 능력ㆍSQL, 
Python 등의 통계 및 분석 능력ㆍ적극적이고 긍정적인 마인드를 가지신 분 인터넷·IT·통신·모바일·게임>빅데이터..."
https://kr.indeed.com/viewjob?jk=0e25160b5a1d095f,[유통 대기업] Business Analyst(비지니스분석가) 과차장급,에이치알니즈,서울,,"이터 컨설팅 또는 비즈니스 컨설팅 경력 5년 이상 보유 -SQL, R, 
Python 중 1개 이상의 분석 도구 활용 경험 보유 -비지니스에 대한 문제... 게임>빅데이터·AI(인공지능)>
Python|인터넷·IT·통신·모바일·게임..."
https://kr.indeed.com/viewjob?jk=1d0e51e2e431995b,[농심ENG] 신입/경력사원 정기채용,농심그룹,서울 신대방동,,"프로세싱 알고리즘 개발 경험자 - Open CV, Halcon, 
Python 사용자 - Vision SW 개발 경험자 - Deep Learning... Open CV, Halcon, 
Python 사용자 - Vision SW..."
https://kr.indeed.com/viewjob?jk=7af707403f972a7c,"Staff, Data Analyst (Service Design Excellence)",Coupang,서울,,"experience in 
Python (preferred) /R/SQL... 하고 조작한 경력 Tableau같은 데이터 시각화 툴을 사용한 경력 
Python(선호)/R/SQL/Spark등을 활용하여 데이터 처리, 알고리즘/모델..."
https://kr.indeed.com/viewjob?jk=f384026e8fdd4b35,솔루션(웹/서버/통신) 프로그램 개발,잇팩,서울 중구,,"인터넷·IT·통신·모바일·게임>웹프로그래머>백엔드|인터넷·IT·통신·모바일·게임>웹프로그래머>프론트엔드|인터넷·IT·통신·모바일·게임>웹프로그래머>
Python|인터넷·IT·통신·모바일·게임>빅데이터·AI(인공지능)>음성인식"
https://kr.indeed.com/viewjob?jk=9211dfb5091a8cc4,SW engineer intern,Intel,서울,,"nationals with valid residential status in Korea. - Fluent in 
Python, shell scripts and C/C++. - Fluent in JavaScript, HTML..."
https://kr.indeed.com/viewjob?jk=29215464b7465a4d,[신사업부문] Test Engineer (테스트 엔지니어) 경력채용,한화그룹,서울,,"Appium 등 테스트 자동화 툴/프레임워크 사용 경험을 바탕으로 독립적인 환경구축을 진행 해 보신분 •
Python, Java, Node.js, Bash 등 테스트 자동화를 위한 개발 능력 •테스트 케이스 커버리지 확대를..."
https://kr.indeed.com/viewjob?jk=14d562d10c215572,"PHP, Python 신입/경력 정규직",비즈부스터,서울 금천구,,"주식회사 비즈부스터 PHP, 
Python 개발자 채용 모집부문 및 자격요건 담당업무 자격요건 인원 [담당업무]*당사의 서비스(비즈탑) 솔루션 및 서비... 프로그래머>PHP |인터넷·IT·통신·모바일·게임>웹프로그래머>
Python"
https://kr.indeed.com/viewjob?jk=07f8799f89fa6faf,인사전략실 경력사원 채용,한화그룹,서울,,"사항] HRIS 또는 HR Analytics Project 경험자 전사 차원의 인재 육성 업무 경험자 R, 
Python 등의 Data 분석 Tool 사용자 최고 경영진 대상 보고서 작성 경험 및 역량 보유 최신 HR 트렌드..."
https://kr.indeed.com/viewjob?jk=71c47ac87bb4087e,기술 인턴 인공지능 응용 연구/개발 인턴,써로마인드로보틱스,서울 관악구,,"6개월) (협의) *모집 절차: 서류 à인터뷰(오프라인) *지원 자격: 프로그래밍 언어 활용 능력: 
Python, C, C++ 중 1가지 이상 데이터구조, 알고리즘 과목 이수 머신러닝과 딥러닝의 기본 개념 이해 머신러닝..."
https://kr.indeed.com/viewjob?jk=efc4c782260cdf19,시스템 엔지니어,NHN COMMERCE,서울 구로구,,"분 - 새로운 환경을 익히는 것에 즐거움을 느끼시는 분 - DevOps 개발자로 성장하고 싶으신 분 - 
Python 개발 경험이 있으신 분 - 대용량 트래픽 및 트래픽 분산 처리 경험이 있으신 분 - Ansible..."
https://kr.indeed.com/viewjob?jk=579bd3dacc4f76e2,멀티캠퍼스 프리랜서 강사,멀티캠퍼스,서울 강남구,,"인공지능)>인공지능(AI)|인터넷·IT·통신·모바일·게임>빅데이터·AI(인공지능)>데이터분석|인터넷·IT·통신·모바일·게임>빅데이터·AI(인공지능)>
Python|인터넷·IT·통신·모바일·게임>빅데이터·AI(인공지능)>머신러닝"
https://kr.indeed.com/viewjob?jk=01bd5372e531d949,"Sales - Sales Operations Specialist, Seoul, Korea",Tesla,서울,,"software, including... limited to Excel, PPT, Word, SQL, 
Python, Tableau, etc. Demonstrated ability to define, refine..."
https://kr.indeed.com/viewjob?jk=5ea9ea023c6ccc03,"S/W 엔지니어, 데이터분석 신입/경력 정규직, 인턴",가치랩스,성남 분당구,,"케이션 제작 및 유지보수 업무- 
Python, Golang, QT 중 선택... 2. 시스템프로그래머- 
Python, Golang, QT 중 선택 가능3. 영상데이터 분석 및 모델링- 
python기반 영상데이터 분석 및 모델링..."
https://kr.indeed.com/viewjob?jk=3544467a7b64376f,[전문연구요원] 의료영상 리서치 엔지니어 정규직,메디픽셀,서울 마포구,,"학력무관직무기술: VISUALC++, 응용프로그래밍, C·C++, 
Python, AI개발 2 명 근무조건 고용형태: 정규직(수습기간3개월)근무부서... 머신러닝(ML)|인터넷·IT·통신·모바일·게임>응용프로그래머>
Python"
https://kr.indeed.com/viewjob?jk=d17da0baecf05910,데이터 분야 경력,LG CNS,서울,,"해가 뛰어난 자 - R, 
Python, SAS, SQL 등 활용 역량 우대사항(해당 내용 중 1개 이상) - ML/DL 경험 인력 우대 - 관련 분야 석사 이상 학위 소지자 우대 - R, 
Python등 데이터분석 모델링 경험..."
https://kr.indeed.com/viewjob?jk=8c833a4bed4e5070,[대형보험사] 클라우드 어플리케이션 아키텍트(AA),커리어라임즈,서울,,"Spring Boot, Java, 
Python, Kotlin, JPA... 및 운영 경험 우대- Git, Spring Boot, Java, 
Python, Kotlin, JPA, Redis, Lambda, API Gateway..."
https://kr.indeed.com/viewjob?jk=2eb89f0edaed04e5,[TmaxAI/R&D] AI 로보어드바이저 개발자,티맥스그룹,성남 분당구,,"220, 225); font-size: 13px; 인터넷·IT·통신·모바일·게임>빅데이터·AI(인공지능)>
Python|인터넷·IT·통신·모바일·게임>빅데이터·AI(인공지능)>인공지능(AI)|금융·보험·증권>금융사무·심사·추심>기업금융"
https://kr.indeed.com/viewjob?jk=9099b0cbccb5f25d,[정규직] 소프트웨어 / AI개발,리버트론,서울 영등포구,,"이터·AI(인공지능)>빅데이터|인터넷·IT·통신·모바일·게임>빅데이터·AI(인공지능)>머신러닝|인터넷·IT·통신·모바일·게임>빅데이터·AI(인공지능)>
Python|인터넷·IT·통신·모바일·게임>빅데이터·AI(인공지능)>딥러닝"
https://kr.indeed.com/viewjob?jk=79fb95da6dff4025,하반기 신입(채용 연계형 인턴) 수시채용,홈앤쇼핑,서울 마곡동,,"Python, R, 기타 코딩 능력 보유자 또는 통계 분석에 대한 기초 지식 보유자 중 1개 해당자 우대사항 · 통계 분석에 대한 기초 지식 보유자 · 기초 프로그래밍 코딩 구현 능력 보유자 (
Python or R..."
https://kr.indeed.com/viewjob?jk=49fd1a7248d3ff47,Research Engineer Intern (Machine Learning),"Seoul Robotics Co., Ltd",서울,,"commit to a minimum of a 6 month internship * Fluency in 
Python and ML libraries like Scikit-learn, PyTorch or Tensorflow..."
https://kr.indeed.com/viewjob?jk=3cd339cf8959f44d,생명정보학 부문 박사졸 선임연구원 정규직 정규직,카이팜,서울 서대문구,"연봉 50,000,000원 - 60,000,000원","-
Python or R 활용가능 -Linux terminal 능숙 -생물학... 생명정보학, 생물정보학-외국어: 영어 회화가능,독해가능,작문가능- 
Python or R 활용가능- Linux terminal 능숙- 생물학 기초 수강..."
https://kr.indeed.com/viewjob?jk=d4ab154f531e9c8a,연구 개발 프로그래머 (키메이커팀),데브캣,서울 강남구,,"탐색, 실험합니다.- C#, 
Python, Javascript 등 다양한... 통신·모바일·게임>응용프로그래머>C#|인터넷·IT·통신·모바일·게임>응용프로그래머>
Python|인터넷·IT·통신·모바일·게임>웹프로그래머>
Python"
https://kr.indeed.com/viewjob?jk=e91b5984e7f5d3fd,"데이터베이스개발자, 웹개발 신입/경력 정규직",여의도사람들,서울 영등포구,"연봉 36,000,000원 - 60,000,000원","개발자 ㆍCss/html 등 웹디자인 관련 유경험자 ㆍ자바스크립트, 
Python, C++, 닷넷 등 ㆍNode, Selenium, electron... 관련 유경험자ㆍ자바스크립트, 
Python, C++, 닷넷 등 ㆍNode..."
https://kr.indeed.com/viewjob?jk=7c3ab1b710eed134,ADAS카메라 System SW개발 경력인재 [자동차부품 우량대기업],에스에프인촌,서울,,"C·C++|인터넷·IT·통신·모바일·게임>응용프로그래머>Linux|인터넷·IT·통신·모바일·게임>응용프로그래머>
Python|인터넷·IT·통신·모바일·게임>통신·모바일>커넥티드카 개발자|인터넷·IT·통신·모바일·게임>소프트웨어..."
https://kr.indeed.com/viewjob?jk=0b8954820c552c3b,Korea - Lead Data Analyst,Nike,서울,,"SQL •Basic experience with scripting languages... Shell, 
Python and source code control tools... GitHub •Experience..."
https://kr.indeed.com/viewjob?jk=ec5c7ccd76639120,[외국계 스타트업 미소] Data Analyst,유한회사 미소,서울,,"통신·모바일·게임>빅데이터·AI(인공지능)>데이터분석|인터넷·IT·통신·모바일·게임>빅데이터·AI(인공지능)>
Python|인터넷·IT·통신·모바일·게임>데이터베이스·DBA>MySQL|인터넷·IT·통신·모바일·게임>데이터베이스..."
https://kr.indeed.com/viewjob?jk=733b814969bff5a7,Jr. Back-end Engineer (Python),Soomgo,서울 강남구,,"이런 분을 찾아요 2년 이상의 
Python을 활용한 백엔드 개발 업무를 수행한 경험이 있으신 분 Django, Django Rest Framework, Flask 등의 
Python web framework를 사용하여..."
https://kr.indeed.com/viewjob?jk=efd4d86a72377124,"S/W 엔지니어, 딥러닝 신입/경력 정규직, 인턴",시티아이랩,성남 수정구,,"우대사항] 딥러닝 프로젝트 경험자인공지능, 클라우드 관련 학습 경험자관련 언어 및 프레임워크 사용 경험자 
Python, C++, Tensorflow, Pytorch 0 명 근무조건 급여조건: 연봉 연봉범위근무지역: 택 11..."
https://kr.indeed.com/viewjob?jk=4495f14bbe10de66,"HTML5 교육용 캐주얼, 퍼즐 게임 클라이언트 개발자",BM PHR,서울,,"인터넷·IT·통신·모바일·게임>웹프로그래머>ASP.NET|인터넷·IT·통신·모바일·게임>웹프로그래머>
Python|인터넷·IT·통신·모바일·게임>웹프로그래머>프론트엔드|인터넷·IT·통신·모바일·게임>웹프로그래머>백엔드|인터넷..."
https://kr.indeed.com/viewjob?jk=a64e1e21f61265ce,각 분야별 인재 Pool 등록,지투알,서울,,"자 - 데이터 분석 툴(Adobe Analytics 또는 Google Analytics) 유경험자 우대 - 
Python, R, SQL 역량 보유자 우대 - 데이터에 기반한 문제해결 능력 및 통계학적 지식 보유자 우대 - 담당..."
https://kr.indeed.com/viewjob?jk=dbe3257e487e5814,[AI/Lab] AI 백엔드 엔지니어 (전문연구요원 가능),버즈니,서울,,"플랫폼 및 시스템 구축 이런 분을 찾습니다 주도적으로 문제를 찾고, 해결할 수 있는 능력을 보유하신 분 
Python 사용 경험이 있으신 분 다음 항목 중 두 가지 이상에 해당되는 분 AWS 혹은 GCP와 같은 클라우드 플랫폼..."
https://kr.indeed.com/viewjob?jk=51d1df9a3cfbe418,(주)엘솔루 R&D본부 ASR팀 개발직,㈜엘솔루,서울,,"제공 [필수사항] ㆍ프로그래밍에 재능 및 열정이 있는 자 ㆍJava, 
Python 중 하나 이상의 언어사용자 ㆍWeb 개발능력 ㆍ리눅스 사용 경험자... 머신러닝(ML)|인터넷·IT·통신·모바일·게임>응용프로그래머>
Python"
https://kr.indeed.com/viewjob?jk=af281d109e3bf099,Software Developer & Verification,Ericsson,서울,,"Programming Language and skillset: Java(preferred), C++, 
Python, CI Environment, Shell Script Native Korean and business..."
https://kr.indeed.com/viewjob?jk=59db18a2366b2c92,AI 분야 경력,LG CNS,서울,,"이상 (AI 관련 논문 발표) ② AI/딥러닝 알고리즘 연구개발 프로젝트 경험 ③ Ubuntu Linux, 
Python, Tensorflow, PyTorch 사용 중상급 이상 우대사항(해당 내용 중 1개 이상) ① AI/머신..."
https://kr.indeed.com/viewjob?jk=a50fce6cc2cb57c9,자연어처리전문가 금융챗봇 만들어 갈 엔지니어,파운트,서울 충정로역,,"리에 필요한 알고리즘을 개발하고 
Python으로 구현 및 성능 검증을 진행... Description - 자연어 처리에 필요한 알고리즘을 개발하고 
Python으로 구현 및 성능 검증을 진행 - 자연어 전처리 (형태소 분석..."
https://kr.indeed.com/viewjob?jk=409c1253b2dde75b,동국대학교 데이터분석팀 연구원(계약직) 채용공고,동국대학교,서울 필동,,"자 4) 남자의 경우 병역필 또는 면제자 5) 한글, MS OFFICE 등 기본 문서작업 가능자 6) 
Python, R 프로그래밍 언어 사용 가능자 우대 2. 모집인원 : O명 3. 근무조건 및 계약기간 구 분..."
https://kr.indeed.com/viewjob?jk=e29bd57c416ee579,인재 Pool 등록,S&I Corp.,대한민국,,"5년 이상 (IT기획, 프로젝트 PM/PL, 개발경력 등) - 자격 : 컴퓨터 언어 활용능력 보유 (JAVA, 
PYTHON) : 데이터베이스(RDBMS) 활용능력 보유 - 우대사항 : IT 예산(HW,SW,인건비) 수립 경험..."
https://kr.indeed.com/viewjob?jk=74a1c32205093e57,QUANTUM.AI 개발팀 정규직 (back-end),퀸텀에이아이,서울 금천구,,"개발팀직급/직책: 팀원, 팀장 [자격요건]경력사항: 경력(2년~)학력사항: 학력무관직무기술: 웹프로그래밍, 
Python, 앱 백엔드 개발자 (Django/MySQL/AWS)우대사항- AI 관련 서비스 개발 경험 0 명 근무조..."
https://kr.indeed.com/viewjob?jk=22f5968c1c62b3b0,AI(딥러닝)개발 경력,디에스파트너즈그룹,서울 성동구,,"프로그래밍을 하고 싶은 자(개발 경력 2년 이상)- 직급/직책 : 면접 후 결정- 개발환경 : linux, 
python, tensorflow, keras, raspberypi 등5. 우대사항- 전기/전자공학, 컴퓨터/시스템공..."
https://kr.indeed.com/viewjob?jk=a36b547d3f9ccf46,"Graduate Analyst, Global Market",Société Générale,서울,,"propose new ideas Good coding skills (for example VBA... 
Python... plus Excellent command of English Application..."
https://kr.indeed.com/viewjob?jk=5ca7c0e87bb47fa5,[데이터전략팀] 전사 데이터 포털 운영 담당자,심플렉스,서울 동작구,,"플랫폼을 통한 실무 부서의 데이터 관련 니즈 해결 - Grafana 등 대시보드 서비스 관리 - SQL/
Python 등을 통한 데이터 가공 자격요건 - 경력 무관 - 원천 데이터를 가공하여 데이터 유저가 원하는 구조로..."
https://kr.indeed.com/viewjob?jk=19da3484bd7a72f1,Machine Learning R&D 연구원,카이어,서울 서초구,,"가능) ㆍ최신 딥러닝, 기계학습 이론에 대한 이해 및 구현 역량 ㆍ
Python, TnsorFlow, C/C++, TensorRT 등 프로그래밍 실무... 대한 이해 및 구현 역량 ㆍ
Python, TnsorFlow, C/C++..."
https://kr.indeed.com/viewjob?jk=22fd5b99c266e7b9,Operations Associate - Remote - Crypto/Fintech,Kraken Digital Asset Exchange,서울•원격 근무,,"Strong numeracy skills * Good working knowledge of Excel * 
Python and SQL knowledge a nice to have * Experience working..."
https://kr.indeed.com/viewjob?jk=ceb8243bc8ae3c35,[데이터 플랫폼]서비스 데이터 엔지니어(전문연구요원 가능),버즈니,서울,,"대용량 데이터 처리를 위한 인프라 스트럭처 개발 사내 데이터 분석 도구 개발 및 유지보수 이런 분을 찾습니다 
Python 기반의 데이터 처리 경험이 있으신 분 Docker 환경에서 개발 경험이 있으신 분 AWS 클라우드 기반..."
https://kr.indeed.com/viewjob?jk=cf69b3f7a651299d,[정규직] 기술지원(FAE),리버트론,서울 영등포구,,"통신·모바일·게임>빅데이터·AI(인공지능)>빅데이터|인터넷·IT·통신·모바일·게임>빅데이터·AI(인공지능)>
Python|인터넷·IT·통신·모바일·게임>전산·IT기술지원>유지보수|인터넷·IT·통신·모바일·게임>전산·IT기술지원..."
https://kr.indeed.com/viewjob?jk=df21e3bb5d773616,Python Programmer,Mofac,서울 서초구,,"개발 – JAVA 프로그래밍(라이브러리 활용) – Spring 프레임 워크 개발 – 
Python API 프로그래밍 우대사항 – 
Python 개발 경험 – Open Source 라이브러리 개발경험 – Web 표준에 대한 경험..."
https://kr.indeed.com/viewjob?jk=f862c821b0734933,[NAVER Cloud] Media 서비스 개발,네이버,서울,,"다양한 개발 경험 또는 Go, 
Python, C/C++등을 이용한 플랫폼... 가능하신 분 - Java, Kotlin, Golang, C, C++, 
Python, node.js, typescript 등으로 작성된 코드 및 프레임..."
https://kr.indeed.com/viewjob?jk=649ccf047c868778,"금융 데이터 분석 엔진, 로보어드바이저 개발자",에스비씨엔,서울 영등포구,,"시스템, 머신러닝, 자연어처리. 패턴분석 - 다음 언어에서 최소 한 가지 이상 능숙자: Java, C++, 
Python, JavaScript 우대사항 - 석사이상 컴퓨터공학 (Computer Science) 분야 또는..."
https://kr.indeed.com/viewjob?jk=d6c05c588971df5a,백엔드 파운트 시스템 엔지니어 (현재 급여수준 이상 보장),파운트,서울 충정로역,,"경험 - Linux명령어 및shell스크립트 작성 능숙 우대사항 - 
Python, Java등을 이용한 프로그래밍 경험 네트워크및 서버에 대한 표준화... 립트 작성 능숙 우대사항 - 
Python, Java등을 이용한 프로그래..."
https://kr.indeed.com/viewjob?jk=b99fdac1ecbccb28,(주)엘솔루 음성인식팀 개발직,㈜엘솔루,서울,,"인터넷·IT·통신·모바일·게임>응용프로그래머>머신러닝(ML)|인터넷·IT·통신·모바일·게임>응용프로그래머>
Python|무역·영업·판매·매장관리>기술영업>SI(Solution·System)|무역·영업·판매·매장관리>기술영업..."
https://kr.indeed.com/viewjob?jk=e2917715db08cc2d,[전략] 인사전략실 경력사원 채용,한화솔루션,서울 장교동,,"HRIS 또는 HR Analytics Project 경험자 •전사 차원의 인재 육성 업무 경험자 •R, 
Python 등의 Data 분석 Tool 사용자 •최고 경영진 대상 보고서 작성 경험 및 역량 보유 •최신 HR 트렌드..."
https://kr.indeed.com/viewjob?jk=8a0f5a8857c12e2e,시스템엔지니어 신입/경력 정규직 [전문연구요원 지원 가능],루미르,용인 수지구,,"3. 위성 ETB 및 AIT, 우주환경시험 유경험자 4. C/C++/
Python 활용 가능자 5. 영어 가능자 6. 전문연구요원 지원 가능 (주)루미... 환경시험 유경험자4. C/C++/
Python 활용 가능자5. 영어 가능자6..."
https://kr.indeed.com/viewjob?jk=0f7029bab640fc30,DT 신입사원 채용,고려해운,서울 남대문로,,"업무 수행) - 디지털 과제 수행을 위한 기본 역량 - 머신러닝,딥러닝 등 빅데이터 및 프로젝트 경험 - 
Python/R/SQL/GA 등 프로그래밍 기본소양 - 문제점 해결을 위한 기획,분석 역량 - 도전과 성장을 위한..."
https://kr.indeed.com/viewjob?jk=de5a27cec9f56027,[환경가전 대기업] DBA (전사 데이터베이스(DBMS) 운영 및 엔지니어링) (대리~과장급),커리어라임즈,서울 구로구,,"Postgresql 등) 운영 경험자 - 프로시져 및 쉘 스트립트, 
python 작성 능력 보유 - 미들웨어 운영 경험 보유(apache/tomcat... 프로시져 및 쉘 스트립트, 
python 작성 능력 보유 - 미들웨어 운영..."
https://kr.indeed.com/viewjob?jk=47495b210d5273d9,JR0193695 Software Engineer Network and Edge HM GH,인텔코리아,서울,,"experience of deep learning frameworksProgramming with 
Python or Shell scriptExperience in large-scale software projects..."
https://kr.indeed.com/viewjob?jk=f8638f3b69d8623e,규제/리스크/회계 시스템 담당자,케이뱅크은행,서울 중학동,,"RDB(Oracle/MySQL 등) 쿼리 개발 경험을 보유하신 분 - SW 개발 능력을 보유하신 분(Java/
Python 등) 우대사항 - 은행 정보계 시스템(DW/규제/회계/리스크) 운영 경험을 보유하신 분 근무조건..."
https://kr.indeed.com/viewjob?jk=e28a6673c8eb777d,MLOps Engineer(경력),네이버,서울,,"분석 및 해결 능력이 뛰어나신 분 - 기술 습득이 빠르고 새로운 분야에 적응 할 수 있는 분 - Java, 
Python or C/C++등 하나 이상의 언어에 능숙하신 분 ​ • 우대사항 - 머신러닝 서빙 개발 경험이 있으신..."
https://kr.indeed.com/viewjob?jk=4d671a584d28f92e,시니어 인프라 엔지니어,RIDI Corp,서울,,"키텍처 구성 경험이 있으신 분 Docker, ECS, K8S 등 컨테이너 기반의 서비스 운영 경험이 있으신 분 
Python, Node.js, Typescript, GO 등 프로그래밍 경험이 있으신 분 추가 정보 우대 사항..."
https://kr.indeed.com/viewjob?jk=78526735d90a85b9,"Machine Learning - iOS Software Engineer,",Apple,서울,,"computer vision 
Python libraries... programming skills with proficiency in 
Python, Flask, iOS Dev tools, and GitHub..."
https://kr.indeed.com/viewjob?jk=2b2927d805b7fe4d,UNREAL 프로그래머 모집,엔씨소프트,성남 판교역,,"RPC - Machine Learning, TensorFlow, PyTorch, CUDA - Go, 
Python, JavaScript, C++, Rust - Node, Svelte, React, React Native..."
https://kr.indeed.com/viewjob?jk=3b0b25d7cdb97839,TikTok Content Strategy Manager,TikTok,서울,,"skills in data analysis, being familiar with SQL, 
Python and other data processing tools is preferred. 3. Strong logical mind..."
https://kr.indeed.com/viewjob?jk=dbfb048b82f2a83b,"Application Support, Cash Equity & Derivatives, Associate","JPMorgan Chase Bank, N.A.",서울,,"across teams Solid knowledge of Unix/Linux/FIX/SQL/
Python/Scripting languages... development experience... plus..."
https://kr.indeed.com/viewjob?jk=44f16e94e3e6b589,"Staff Software Engineer, Maps & Navigation, Seoul, Korea",Tesla,서울,,"industry Fluency in English Proficient in one of C++, 
Python Experience writing and shipping customer-facing code High..."
https://kr.indeed.com/viewjob?jk=5fc53d8ce25c05f7,IT 개발 총 책임자,핀후드,서울 성동구,"연봉 90,000,000원 - 100,000,000원","스템접수양식: 인크루트 이력서 기타 유의사항 입사지원서 및 제출서류에 허위사실이 있을 경우 채용이 취소될 수 있습니다. 인터넷·IT·통신·모바일·게임>웹프로그래머>웹개발|인터넷·IT·통신·모바일·게임>웹프로그래머>
Python"
https://kr.indeed.com/viewjob?jk=2422efa837502f25,빅데이터팀(BI개발) 경력직 (서울 본사) - 11월지원,주)코웨이,서울 구로구,,"Data Mart 설계 및 개발. 인터넷·IT·통신·모바일·게임>빅데이터·AI(인공지능)>빅데이터|인터넷·IT·통신·모바일·게임>빅데이터·AI(인공지능)>
Python|인터넷·IT·통신·모바일·게임>데이터베이스·DBA>SQL"
https://kr.indeed.com/viewjob?jk=fa5ac3825b577cf6,Data Engineer & Scientist,LG전자,서울 영등포구,,"리즘에 대한 깊은 이해 - Data integrity, data governance 에 대한 이해 - 
Python Data & Analytics 라이브러리 경험 (NLTK, Spacy, Scikit-Learn, PyTorch..."
https://kr.indeed.com/viewjob?jk=8c8c96a3ffac77f8,데이터 엔지니어 경력 정규직,아이디케이스퀘어드,서울 중구,"연봉 60,000,000원 - 70,000,000원","Redshift, Snowflake 등) 설계, 개발, 운영 경험• 
Python/R/dbt, Kafka/Airflow 등을 사용하여 데이터 전처리를... 게임>빅데이터·AI(인공지능)>
Python|인터넷·IT·통신·모바일·게임..."
https://kr.indeed.com/viewjob?jk=c25feb431668b850,Teacher,Grace International Academy (School for the...,서울•원격 근무,"시급 50,000원 - 120,000원","Cultures) Computer Science (Programming Languages--e.g., 
Python, C/C++, etc. ) Fine Arts (BFA/MFA Majors) Instructors..."
https://kr.indeed.com/viewjob?jk=287f5f422c269849,Market Research 담당자 채용,매일유업,서울 중학동,,"숙한 대내외 커뮤니케이션이 가능한 분 [우대사항] - 통계분석 및 프로그래밍 언어 역량을 보유하신 분(R, 
python, Data studio, SPSS, Tableau, etc) - SQL 쿼리사용 가능하신 분 - 영어로..."
https://kr.indeed.com/viewjob?jk=e7c8c2b11f24fb43,Software Engineer,Google,서울,,"languages, including... limited to: C++, Java, C and 
Python. Excellent written and verbal communication skills. About..."
https://kr.indeed.com/viewjob?jk=f8691758f74c5242,Support Engineer- Developer,Microsoft,서울,,"developing with Chatbot, Linux, Apache, Java, Node, 
Python, PHP, or Ruby - Knowledge and experiences of cloud services (Azure..."
https://kr.indeed.com/viewjob?jk=7c4c006304b43cca,[Engineering Div.] Esports Engineer (4년 이상),크래프톤,서울 강남구,,"개발
Python, C#(.NET Core), Javascript, Docker, AWS 이런 경험을 가진 분과 함께 성장하고 싶습니다! 
Python... 래머>
Python|인터넷·IT·통신·모바일·게임>응용프로그래머>
Python..."
https://kr.indeed.com/viewjob?jk=805a042a5ac51bff,Anti-Piracy(콘텐츠 불법 유통 방지) 엔지니어,네이버,서울,,"개발 3 년 이상 유경험자 - TCP/IP 등 네트워크에 대한 이해와 다양한 웹 크롤링 기술을 보유하였으며 
Python 프로그래밍 숙련자 - 중규모 이상의 시스템 아키텍처 설계 가능자 • 우대사항 - FDS(Fraud..."
https://kr.indeed.com/viewjob?jk=ac9068957c550cb3,데이터 전문가(모델러/분석가/엔지니어) 모집,카카오,성남 판교역,,"대용량 데이터를 효율적으로 사용하기 위한 기반 데이터 가공 지원자격 데이터 사이언스를 위한 언어(R/
Python/Scala) 및 도구(scikit-learn/Spark MLlib/Tensorflow/Pytorch 등)를..."
https://kr.indeed.com/viewjob?jk=89bd1dcd06dea855,[무료교육/취업연계] 딥브레인AI 아카데미 풀스택 교육생,머니브레인,서울,,"통신·모바일·게임>빅데이터·AI(인공지능)>데이터분석|인터넷·IT·통신·모바일·게임>빅데이터·AI(인공지능)>
Python|인터넷·IT·통신·모바일·게임>빅데이터·AI(인공지능)>머신러닝|인터넷·IT·통신·모바일·게임>빅데이터..."
https://kr.indeed.com/viewjob?jk=f21952a2d7a0bfd8,"[Robotics] Robotics Software Engineer, Navigation",네이버,서울,,"요역량 ㅇ 컴퓨터 공학, 로봇 공학, 전자 공학 등 관련 기술 분야 석사 이상 학위 또는 3년 이상의 경력 ㅇ 
Python 혹은 C++ 언어의 능숙한 활용 ㅇ ROS/ROS2 혹은 유사한 framework를 활용한 robot..."
https://kr.indeed.com/viewjob?jk=8af26b37623864c4,8퍼센트 개발자 (신입/경력),8퍼센트,서울 종로구,,"개발 금융 데이터 분석과 분석 플랫폼 운영 자격요건 컴퓨터 전공자 또는 웹 개발 경력 1년 이상 우대사항 
Python 코드를 무리 없이 읽으실 수 있는 분 Linux/Mac 사용 가능한 분 새로운 기술에 대한 호기심을 가지신..."
https://kr.indeed.com/viewjob?jk=35f0a25dee5f3312,딥러닝 알고리즘 및 응용 Engineer,딥엑스,성남 분당구,"연봉 40,000,000원 - 100,000,000원","모바일·게임>빅데이터·AI(인공지능)>인공지능(AI)|인터넷·IT·통신·모바일·게임>빅데이터·AI(인공지능)>
Python|인터넷·IT·통신·모바일·게임>빅데이터·AI(인공지능)>머신러닝|인터넷·IT·통신·모바일·게임>빅데이터..."
https://kr.indeed.com/viewjob?jk=20c1497f50cb0da5,IT부문 우수인재 (병역특례 포함),코리아피디에스,서울 마포구,,"통신·모바일·게임>웹프로그래머>
Python|인터넷·IT·통신·모바일·게임... 응용프로그래머>iOS|인터넷·IT·통신·모바일·게임>응용프로그래머>
Python|인터넷·IT·통신·모바일·게임>데이터베이스·DBA>MySQL|인터넷..."
https://kr.indeed.com/viewjob?jk=d1d26bc871719fe2,대학생인턴십 2기 모집,LG에너지솔루션,서울 영등포구,,"러시아어 회화 가능자 - 통계 프로그래밍(Minitab, SPSS, SAS 등), 프로그래밍언어(R, 
Python 등) 활용 경험 보유자 - 빅데이터/IT/품질/환경안전 관련 자격증 보유자 - PLC,N/W, 비전, 센터..."
https://kr.indeed.com/viewjob?jk=d39d5624bfcc6b01,인사분야 신입사원 모집,GS칼텍스,서울 역삼동,,"기획 • 전공무관 (상경계열 전공 우대) Trading • 전공무관 (상경/화공계열 전공 우대) • 
Python, VBA 등 코딩 능숙자 우대 재무(회계) • 전공무관 (재무관리/파생상품 관련 전공 우대) 구매..."
https://kr.indeed.com/viewjob?jk=55a19c92c845685e,Developer / Designer recruit,마이뮤직테이스트,서울 논현동,,"language (i.e 
Python, Ruby, Java, .Net... High proficiency in 
Python... knowledge... least one 
Python web framework..."
https://kr.indeed.com/viewjob?jk=4c3ba5f4766e22be,Software Engineer - Front-End,"Seoul Robotics Co., Ltd.",서울,,"data analytics software and data engineering utilities (
Python back-end) * Develop and optimize data exchange interface..."
https://kr.indeed.com/viewjob?jk=c8f4783faff92438,[㈜삼표]Digital Innovation부문 모집,삼표그룹,서울 수송동,,"개발 [] ㆍ대졸 / 컴퓨터공학 석사 ㆍ오픈소스 머신러닝/딥러닝 빅데이터 분석 소프트웨어 지식보유자 ㆍ
Python, Delphi 등 프로그래밍 언어 사용 가능자 ㆍMSSQL, MYSQL 등 관계형 Database 사용가..."
https://kr.indeed.com/viewjob?jk=5fd063c78ee102fc,[한솔인티큐브] 대졸 신입사원 모집,한솔그룹,서울 을지로2가,,"Java, 
Python중 가능 역량 보유자) 본사 (서울) 개발 및 구축 Contact Center 솔루션, 음성봇, WFM, CTI개발 전공 무관 (Java, JavaScript, VC++, 
Python중 가능 역량..."
https://kr.indeed.com/viewjob?jk=3ad4c7bdb2dc55b0,[신입/경력] 웹개발 담당자,다나와,서울 양천구,,"개발- Java spring framework에 대한 이해 보유자- 
Python, PHP, Javascript 중 1개 이상 이해 보유자- RDBMS... 통신·모바일·게임>웹프로그래머>
Python|인터넷·IT·통신·모바일·게임..."
https://kr.indeed.com/viewjob?jk=140254d1a470d1c9,11번가 검색서비스 개발 분야,십일번가,서울 강남구,,"처리데이터 저장 daemon 및 데이터 api 개발 운영자격 요건대용량 Redis data 운영 경험있으신분
python / java / oracle, mySql DB 에 능숙하신분고성능 / 대용량 트래픽 처리하는 시스템 개발..."
https://kr.indeed.com/viewjob?jk=c4145dce440c02f8,[전문연구요원 신규편입/전직] SW Engineer/Backend/Frontend 개발자,뷰노코리아,서울 서초구,,"백엔드|인터넷·IT·통신·모바일·게임>웹프로그래머>프론트엔드|인터넷·IT·통신·모바일·게임>웹프로그래머>
Python|인터넷·IT·통신·모바일·게임>응용프로그래머>Linux|인터넷·IT·통신·모바일·게임>응용프로그래머>인공지능..."
https://kr.indeed.com/viewjob?jk=95946773d4816f0d,"머신러닝, 데이터분석 외 경력 정규직",에임즈인터내셔널코리아,서울 강남구,,"혹은 그에 상응하는 실무 경력 -
Python 기반의 머신러닝 프레임워크... SQLAlchemy, OpenCV, pytest -Language: 
Python, SQL -Github, Yona, Git 0 명 근무조건 고용형태..."
https://kr.indeed.com/viewjob?jk=b6eea437d4af95fd,[더블유게임즈 자회사] 기획/디자인/개발/데이터분석,더블다운인터액티브,서울 강남구,,"터넷·IT·통신·모바일·게임>응용프로그래머>JAVA|인터넷·IT·통신·모바일·게임>응용프로그래머>C#|인터넷·IT·통신·모바일·게임>응용프로그래머>Objective-C|인터넷·IT·통신·모바일·게임>응용프로그래머>
Python"
https://kr.indeed.com/viewjob?jk=0c69a0f5b32db8a2,"Solns Engineer, Intermediate",Keysight Technologies,서울,,"understanding of L4-7 Instrument programming coding skill (C#, 
Python, etc.) preferred Job Function Shift: Day Job..."
https://kr.indeed.com/viewjob?jk=af4e6600ee5aa6c9,[대형보험사] 신사업부문 Test Engineer (대리급),커리어라임즈,서울 영등포구,,"프레임워크 사용 경험을 바탕으로 독립적인 환경구축을 진행 해 보신분 •
Python, Java, Node.js, Bash 등 테스트 자동화를 위한 개발... 립적인 환경구축을 진행 해 보신분 •
Python, Java, Node.js..."
https://kr.indeed.com/viewjob?jk=1d89fe4b37ab05ed,"데이터마이닝, 빅데이터 큐레이터 외 신입/경력 정규직",에임즈인터내셔널코리아,서울 강남구,,"있거나 이에 준하는 실질적인 기술 경력 -데이터를 다루기 위한 
Python 혹은 R 등의 프로그래밍 능력 -SQL의 사용 능력 -데이터를 다루기 위한 
Python, R, Java 중 1개의 프로그래밍 능력 -대용량 데이터..."
https://kr.indeed.com/viewjob?jk=ffd9cedb23e97344,파이썬SW 금융분야 특화 챗봇 개발 함께 할 엔지니어,파운트,서울 충정로역,,"처리 과정을 
Python language로 구현 - Big data 처리를 위한 SW 개발 - Backend SW 구현, Messenger interface, DBMS I/F 구현 Requirement - 
Python..."
https://kr.indeed.com/viewjob?jk=4de10ddc3715df93,"Software Engineer, Korea",Bear Robotics,서울,,"개발하며 운영합니다. 로봇에서 수집되는 데이터 처리하며 프로세스 자동화 환경을 구축합니다. 자격 요건 
Python 개발 경력 3년 이상 혹은 그에 준하는 실력을 갖추신 분 기본적인 개발능력 (알고리즘, 자료구조, 운영체제..."
https://kr.indeed.com/viewjob?jk=c5c6ebe82bf299da,[전액무료] IT취업 JAVA기반 프론트엔드&백엔드 개발 국비교육생,에이콘아카데미,서울 종로구,,"통신·모바일·게임>웹프로그래머>
Python|인터넷·IT·통신·모바일·게임... 데이터분석|인터넷·IT·통신·모바일·게임>빅데이터·AI(인공지능)>
Python|인터넷·IT·통신·모바일·게임>빅데이터·AI(인공지능)>머신러닝|인터넷..."
https://kr.indeed.com/viewjob?jk=abe4af79acb6ec37,Data Engineer (Analytics),Toss,서울,,"있어야 합니다. - 현업의 복잡한 데이터를 정리하여 단순화, 자동화한 경험이 있어야 합니다. - SQL상급, 
Python중급 정도의 기술역량을 기대합니다. - 적극적이고 효율적인 커뮤니케이션이 가능해야 합니다. 이런 경험이..."
https://kr.indeed.com/viewjob?jk=d7527395199fd664,Consulting Engineer (Full Time) - Korea,Cisco Systems,서울,,"experience in Linux and programming languages like 
Python, Java , JavaScript etc. • Strong communication and collaboration..."
https://kr.indeed.com/viewjob?jk=15ef2e84bd2ba0cd,Data Scientist,중견 코스닥상장 기업 / 700명 / 7000억 규모,서울 여의도역,,"필수자격요건 - 통계학 및 기계학습에 대한 이해가 있는 분 - 데이터 분석 업무를 위한 프로그래밍 언어 
Python 및 R, SQL 등 사용 가능한 분 - Hive, Impala, Spark 등 빅데이터 분석 플랫폼을 활용할..."
https://kr.indeed.com/viewjob?jk=b4b60c80928b5832,[이커머스 플랫폼] 웹개발 서비스 개발자 경력직,일삼헤르츠,서울 강서구,,"인터넷·IT·통신·모바일·게임>웹프로그래머>웹개발|인터넷·IT·통신·모바일·게임>웹프로그래머>Ruby|인터넷·IT·통신·모바일·게임>웹프로그래머>
Python|인터넷·IT·통신·모바일·게임>데이터베이스·DBA>MySQL"
https://kr.indeed.com/viewjob?jk=5d809bda3182ab58,DevSecOps Engineer,한국아이비엠,서울 영등포구,,"모바일·게임>웹프로그래머>
Python|인터넷·IT·통신·모바일·게임>응용프로그래머>
Python|인터넷·IT·통신·모바일·게임>응용프로그래머>Linux|인터넷·IT·통신·모바일·게임>빅데이터·AI(인공지능)>
Python|인터넷..."
https://kr.indeed.com/viewjob?jk=a4015a0d112e9569,프론트엔드 정규직,바이오에이아이,서울 강남구,,"프론트 엔드 구현 - DB 구축 - 신규 기능 개발 및 반영, 지속적인 개선 및 유지 보수 자격 조건 - 
Python, Django - RDBMS 경험 - UI개발 경험 우대 사항 - 딥러닝에 관심있으신 분 - 단위 테스트..."
https://kr.indeed.com/viewjob?jk=51694a500e784a31,2021년도 제1직원(석사급 연구원 및 행정원),한국행정연구원,서울,,"통계DB 관리 등 [필수요건] - 통계, 데이터사이언스, 정보학 관련 분야 석사학위 소지자(예정자 제외) - 
Python, R, Java 등 1개 이상의 프로그래밍 업무 가능자 [우대요건] - 행정·사회통계 빅데이터 활용업무..."
https://kr.indeed.com/viewjob?jk=5b015b9613812d9d,Customer Data Analyst,Motion2AI,서울,,"긴밀하게 협업하고 데이터 기반 확장 가능한 서비스 모듈 추가 및 성능 향상에 기여합니다. 필수 조건 
Python (pandas, numpy), R, SQL... VBA 사용에 익숙함 물류 프로세스 분석 및 설계..."
https://kr.indeed.com/viewjob?jk=f30da88cb7c59f78,[Maps] Maps Tech 연계형 인턴십,네이버,서울,,"로부터 수급한 대용량 시공간 데이터 활용에 대한 관심 하나 이상의 프로그래밍 언어 숙달 (C++, JAVA, 
Python, Scala, Koltin ) 기졸업자 혹은 6개월 이내 졸업가능자 [우대사항 ] 팀 프로젝트 경험자..."
https://kr.indeed.com/viewjob?jk=c5685a32445180f3,[커머스&서비스 플랫폼] 백엔드 엔지니어 (전문연구요원 가능),버즈니,서울,,"이런 분을 찾습니다 컨테이너 기반 환경의 서비스 구축 경험이 있으신 분 Flask, FastApi 등 
Python 기반 웹어플리케이션 서버 개발 경험이 있으신 분 RDBMS 또는 Elasticsearch 등을 활용한 시스템..."
https://kr.indeed.com/viewjob?jk=049e047740085644,분당 kt 전산 프로그램 개발/운영 인력,예지아이엔씨,성남 분당구,,"수 있습니다. 인터넷·IT·통신·모바일·게임>웹프로그래머>JAVA|인터넷·IT·통신·모바일·게임>웹프로그래머>
Python|인터넷·IT·통신·모바일·게임>웹프로그래머>JSP|인터넷·IT·통신·모바일·게임>데이터베이스·DBA..."
https://kr.indeed.com/viewjob?jk=70fadfe5077b6728,"Software Engineer, Robotics",Bear Robotics,서울,,"구하고 필요한 기능을 개발합니다. 차세대 로봇 플랫폼 개발에 필요한 선행 연구를 수행합니다. 자격 요건 
Python 및 C++ 개발 경력 3년 이상 혹은 그에 준하는 실력을 갖추신 분 알고리즘, 자료구조, 운영체제에 대한..."
https://kr.indeed.com/viewjob?jk=95fcfab87b9906bd,Job Posting Title Deep Learning Researcher,Cognex Corporation,서울,,"network 등) Deep Learning 방법론에 대한 데모 프로그램 제작 및 제품화 코드 작성(
Python / C++) 다양한 종류의 제조업 이미지 데이터에 대한 탐색, 분석 및 전처리 모듈 구현 최신 Deep..."
https://kr.indeed.com/viewjob?jk=9411f32a856fe635,카드 업무자동화 개발 및 운영 경력사원 채용,우리에프아이에스,서울 상암동,,"0명) [필수사항] ㅇ RPA 개발 및 운영 2년 이상 경험자 ㅇJava, Javascript, C#, 
Python 개발 경험 [우대사항] ㅇ 다양한 RPA 시스템 개발 및 구축 경험자 ㅇ금융권 여신업무 개발 및 운영 2..."
https://kr.indeed.com/viewjob?jk=5b2574aec8e1d083,딥러닝 개발자 정규직,바이오에이아이,서울 강남구,,"라우드 기반 인프라 활용 - 데이터 수집, 전처리, 통합 자격 조건 - 데이터, 딥러닝 분야에 대한 이해 - 
Python 코딩능력 - 리눅스 사용 경험 우대 사항 - 영어 리딩 능력 - 의약분야 프로젝트 경험 - 플랫폼개발에..."
https://kr.indeed.com/viewjob?jk=ee64abe502f8ee94,[NAVER Cloud] 가상화 코어 기술 연구 및 개발 (SW),네이버,서울,,"Cloud에 대한 높은 이해가 있으신 분 - DevOps & Ansible 경험을 보유하신 분 - 
Python 기반 프로젝트 경험을 보유하신 분 - DPDK/XDP/OVS-DPDK 개발 경험을 보유하신 분 - Raw..."
https://kr.indeed.com/viewjob?jk=76ef0d2df960b0f6,"Student Training in Engineering Program, 2021, People with D...",Google,서울,,"Science or a related field. Programming experience in Java, 
Python, C... C++. Available... 12 week internship from..."
https://kr.indeed.com/viewjob?jk=ff27ef03ddc73690,Software Engineer,Intel,서울,,"experience of deep learning frameworks Programming with 
Python or Shell script Experience in large-scale software projects..."
https://kr.indeed.com/viewjob?jk=97022d0619d47329,(주)풀무원 빅데이터 활용 분석/AI 전문가 채용,풀무원,서울특별시,,"지원 (교육 및 프로젝트 지원) 필요역량 및 지원자격 [자격요건] 프로그램 언어 활용 능력 (R, 
Python, SQL 등) 데이터 기반 업무 분석 및 이해 역량 분석 자료 프리젠테이션 문서 작성 역량 관련 경력 3..."
https://kr.indeed.com/viewjob?jk=1f03f52d5cbc273d,"[정규직] 데이터 사이언스 (생명정보학, 화학정보학, 기계학습)",주식회사카이팜 관심기업,서울 신촌동,,"학력 : 대학원 졸업 - 경력 : 신입무관 - 성별 : 무관 - 연령 : 무관 - 필수 : R 또는 
python 기반 고급 수준의 데이터 분석 및 프로그래밍 능력 [우대사항] - 생명과학·생물학 전공 - 약학 전공..."
https://kr.indeed.com/viewjob?jk=7da03d182cfb2dd5,티맵모빌리티 서버개발자 - EV충전서비스,티맵모빌리티,서울특별시,,"어권 외국인과 어색하더라도 웃으면서 하고 싶은 말과 정보를 전달하실 수 있는 분 - Kotlin/Java/
Python/Ruby 등 하나 이상에서 스스로 전문가라고 다짐할 수 있는 분 기타 근무지 서울 2호선 을지로입구역..."
https://kr.indeed.com/viewjob?jk=d3d33eafc5f2c0ac,Data scientist 직무 경력직,LG전자,서울특별시,,"설계 / 검증 - 관련 직무 경력 5년 이상 ㆍ역량 요건 - 데이터마이닝 및 분석 기술/SQ,L, R, 
Python 등 활용 능력 보유 - AI / ML 이해 및 관련 라이브러리 활용, 알고리즘 개발 역량 보유 - Big..."
https://kr.indeed.com/viewjob?jk=0d10d8993d3cdfa9,HW/SW 분야 직무 교육 전문강사,에이치에스글로벌,서울 강남구,,"통신·모바일·게임>응용프로그래머>인공지능(AI)|인터넷·IT·통신·모바일·게임>빅데이터·AI(인공지능)>
Python|인터넷·IT·통신·모바일·게임>빅데이터·AI(인공지능)>빅데이터|인터넷·IT·통신·모바일·게임>빅데이터·AI..."
https://kr.indeed.com/viewjob?jk=101eb7687693c13b,[Beluga] 음성 (TTS/STT) 딥러닝 엔지니어 (경력 무관),크래프톤,서울 강남구,,"경험을 보유하신 분독창적인 기술 제시 및 문제 해결을 위한 프로그래밍 능력을 보유하신 분 (C/C++/
Python/shell 등)오픈소스 기반 딥 러닝 프레임워크 활용 능력을 보유하신 분 (PyTorch/TensorFlow..."
https://kr.indeed.com/viewjob?jk=a82e3922c29d3373,관리직 경력사원 공개채용,경동나비엔,서울 여의도,,"개발 • 경력 : 3년 이상 10년 이하 • 학력 : 학사 이상 / 전공무관 • 우대사항 - JAVA, 
Python, node.js, typescript 프로그래밍 경험자 - IoT 클라우드 플랫폼 또는 앱 서비스 개발자..."
https://kr.indeed.com/viewjob?jk=705f1a36a7fafed3,은행 정보계 DW 시스템 담당자,케이뱅크은행,서울 중학동,,"MySQL 등) 대용량 쿼리 개발/튜닝 경험을 보유하신 분 - SW 개발 능력을 보유하신 분(Java/
Python 등) 우대사항 - 은행 정보계 시스템(DW/규제/회계/리스크) 운영 경험을 보유하신 분 - 시각화/분석..."
https://kr.indeed.com/viewjob?jk=9a784be21af68ffe,Computer Vision SW 개발자,고영테크놀러지,수원 영통구,,"Architect 설계경험자· SIMD 등프로세스최적화경험자· 검사장비개발경험자· 비전검사알고리즘개발자· 
Python 프로그래밍가능자· Gtest 등 unit 및 integration test 경험자[전형절차]- 서류전형..."
